name,dwi,t1,mask,table,surface,labelname,overlapping,create_tar,probtrackParam,,memory
neo-0353-1-1year_DestFinal,/work/maria5/EBDS_CIVILITY/LongitudinalConnectome_PostRegError/PreCIVILITY/Conte/1Yr/MissingDWIs/MissingDWIs/neo-0353-1-1year/Input_Civility_DWISpace/neo-0353-1-1year_42_DWI_QCed_VC_1mm.nrrd,/work/maria5/EBDS_CIVILITY/LongitudinalConnectome_PostRegError/PreCIVILITY/Conte/1Yr/MissingDWIs/MissingDWIs/neo-0353-1-1year/T1ToDWISpace/00_QC_Visualization/neo-0353-1-1year_T1_SkullStripped_scaled_DWISpace.nrrd,/work/maria5/EBDS_CIVILITY/LongitudinalConnectome_PostRegError/PreCIVILITY/Conte/1Yr/MissingDWIs/MissingDWIs/neo-0353-1-1year/Input_Civility_DWISpace/neo-0353-1-1year_Original_DWI_BrainMask_1mm.nrrd,/work/maria5/EBDS_CIVILITY/LongitudinalConnectome_PostRegError/jsonFilesForCivility/TABLE_Destrieux_SubCorticals_BrainStem.json,/work/maria5/EBDS_CIVILITY/LongitudinalConnectome_PostRegError/PreCIVILITY/Conte/1Yr/MissingDWIs/MissingDWIs/neo-0353-1-1year/Input_Civility_DWISpace/stx_neo-0353-1-1year_T1_CombinedSurface_white_Destrieux_WithSubcorticals.vtk,Destrieux,TRUE,FALSE,"""-P 1000 --steplength=0.75 --sampvox=0.5""",,"""--mem=50g"""
neo-0399-1-1year_DestFinal,/work/maria5/EBDS_CIVILITY/LongitudinalConnectome_PostRegError/PreCIVILITY/Conte/1Yr/MissingDWIs/MissingDWIs/neo-0399-1-1year/Input_Civility_DWISpace/neo-0399-1-1year_42_DWI_QCed_VC_1mm.nrrd,/work/maria5/EBDS_CIVILITY/LongitudinalConnectome_PostRegError/PreCIVILITY/Conte/1Yr/MissingDWIs/MissingDWIs/neo-0399-1-1year/T1ToDWISpace/00_QC_Visualization/neo-0399-1-1year_T1_SkullStripped_scaled_DWISpace.nrrd,/work/maria5/EBDS_CIVILITY/LongitudinalConnectome_PostRegError/PreCIVILITY/Conte/1Yr/MissingDWIs/MissingDWIs/neo-0399-1-1year/Input_Civility_DWISpace/neo-0399-1-1year_Original_DWI_BrainMask_1mm.nrrd,/work/maria5/EBDS_CIVILITY/LongitudinalConnectome_PostRegError/jsonFilesForCivility/TABLE_Destrieux_SubCorticals_BrainStem.json,/work/maria5/EBDS_CIVILITY/LongitudinalConnectome_PostRegError/PreCIVILITY/Conte/1Yr/MissingDWIs/MissingDWIs/neo-0399-1-1year/Input_Civility_DWISpace/stx_neo-0399-1-1year_T1_CombinedSurface_white_Destrieux_WithSubcorticals.vtk,Destrieux,TRUE,FALSE,"""-P 1000 --steplength=0.75 --sampvox=0.5""",,"""--mem=50g"""
neo-0304-2-1year_DestFinal,/work/maria5/EBDS_CIVILITY/LongitudinalConnectome_PostRegError/PreCIVILITY/Conte/1Yr/T42/T2QCGood/neo-0304-2-1year/Input_Civility_DWISpace/neo-0304-2-1year_42_DWI_QCed_VC_1mm.nrrd,/work/maria5/EBDS_CIVILITY/LongitudinalConnectome_PostRegError/PreCIVILITY/Conte/1Yr/T42/T2QCGood/neo-0304-2-1year/T1ToDWISpace/00_QC_Visualization/neo-0304-2-1year_T1_SkullStripped_scaled_DWISpace.nrrd,/work/maria5/EBDS_CIVILITY/LongitudinalConnectome_PostRegError/PreCIVILITY/Conte/1Yr/T42/T2QCGood/neo-0304-2-1year/Input_Civility_DWISpace/neo-0304-2-1year_Original_DWI_BrainMask_1mm.nrrd,/work/maria5/EBDS_CIVILITY/LongitudinalConnectome_PostRegError/jsonFilesForCivility/TABLE_Destrieux_SubCorticals_BrainStem.json,/work/maria5/EBDS_CIVILITY/LongitudinalConnectome_PostRegError/PreCIVILITY/Conte/1Yr/T42/T2QCGood/neo-0304-2-1year/Input_Civility_DWISpace/stx_neo-0304-2-1year_T1_CombinedSurface_white_Destrieux_WithSubcorticals.vtk,Destrieux,TRUE,FALSE,"""-P 1000 --steplength=0.75 --sampvox=0.5""",,"""--mem=50g"""
neo-0318-1-1year_DestFinal,/work/maria5/EBDS_CIVILITY/LongitudinalConnectome_PostRegError/PreCIVILITY/Conte/1Yr/A42/T2QCFair/neo-0318-1-1year/Input_Civility_DWISpace/neo-0318-1-1year_42_DWI_QCed_VC_1mm.nrrd,/work/maria5/EBDS_CIVILITY/LongitudinalConnectome_PostRegError/PreCIVILITY/Conte/1Yr/A42/T2QCFair/neo-0318-1-1year/T1ToDWISpace/00_QC_Visualization/neo-0318-1-1year_T1_SkullStripped_scaled_DWISpace.nrrd,/work/maria5/EBDS_CIVILITY/LongitudinalConnectome_PostRegError/PreCIVILITY/Conte/1Yr/A42/T2QCFair/neo-0318-1-1year/Input_Civility_DWISpace/neo-0318-1-1year_Original_DWI_BrainMask_1mm.nrrd,/work/maria5/EBDS_CIVILITY/LongitudinalConnectome_PostRegError/jsonFilesForCivility/TABLE_Destrieux_SubCorticals_BrainStem.json,/work/maria5/EBDS_CIVILITY/LongitudinalConnectome_PostRegError/PreCIVILITY/Conte/1Yr/A42/T2QCFair/neo-0318-1-1year/Input_Civility_DWISpace/stx_neo-0318-1-1year_T1_CombinedSurface_white_Destrieux_WithSubcorticals.vtk,Destrieux,TRUE,FALSE,"""-P 1000 --steplength=0.75 --sampvox=0.5""",,"""--mem=50g"""
neo-0319-1-1year_DestFinal,/work/maria5/EBDS_CIVILITY/LongitudinalConnectome_PostRegError/PreCIVILITY/Conte/1Yr/A42/T2QCFair/neo-0319-1-1year/Input_Civility_DWISpace/neo-0319-1-1year_42_DWI_QCed_VC_1mm.nrrd,/work/maria5/EBDS_CIVILITY/LongitudinalConnectome_PostRegError/PreCIVILITY/Conte/1Yr/A42/T2QCFair/neo-0319-1-1year/T1ToDWISpace/00_QC_Visualization/neo-0319-1-1year_T1_SkullStripped_scaled_DWISpace.nrrd,/work/maria5/EBDS_CIVILITY/LongitudinalConnectome_PostRegError/PreCIVILITY/Conte/1Yr/A42/T2QCFair/neo-0319-1-1year/Input_Civility_DWISpace/neo-0319-1-1year_Original_DWI_BrainMask_1mm.nrrd,/work/maria5/EBDS_CIVILITY/LongitudinalConnectome_PostRegError/jsonFilesForCivility/TABLE_Destrieux_SubCorticals_BrainStem.json,/work/maria5/EBDS_CIVILITY/LongitudinalConnectome_PostRegError/PreCIVILITY/Conte/1Yr/A42/T2QCFair/neo-0319-1-1year/Input_Civility_DWISpace/stx_neo-0319-1-1year_T1_CombinedSurface_white_Destrieux_WithSubcorticals.vtk,Destrieux,TRUE,FALSE,"""-P 1000 --steplength=0.75 --sampvox=0.5""",,"""--mem=50g"""
neo-0332-1-1year_DestFinal,/work/maria5/EBDS_CIVILITY/LongitudinalConnectome_PostRegError/PreCIVILITY/Conte/1Yr/A42/T2QCPoor/neo-0332-1-1year/Input_Civility_DWISpace/neo-0332-1-1year_42_DWI_QCed_VC_1mm.nrrd,/work/maria5/EBDS_CIVILITY/LongitudinalConnectome_PostRegError/PreCIVILITY/Conte/1Yr/A42/T2QCPoor/neo-0332-1-1year/T1ToDWISpace/00_QC_Visualization/neo-0332-1-1year_T1_SkullStripped_scaled_DWISpace.nrrd,/work/maria5/EBDS_CIVILITY/LongitudinalConnectome_PostRegError/PreCIVILITY/Conte/1Yr/A42/T2QCPoor/neo-0332-1-1year/Input_Civility_DWISpace/neo-0332-1-1year_Original_DWI_BrainMask_1mm.nrrd,/work/maria5/EBDS_CIVILITY/LongitudinalConnectome_PostRegError/jsonFilesForCivility/TABLE_Destrieux_SubCorticals_BrainStem.json,/work/maria5/EBDS_CIVILITY/LongitudinalConnectome_PostRegError/PreCIVILITY/Conte/1Yr/A42/T2QCPoor/neo-0332-1-1year/Input_Civility_DWISpace/stx_neo-0332-1-1year_T1_CombinedSurface_white_Destrieux_WithSubcorticals.vtk,Destrieux,TRUE,FALSE,"""-P 1000 --steplength=0.75 --sampvox=0.5""",,"""--mem=50g"""
neo-0335-1-1year_DestFinal,/work/maria5/EBDS_CIVILITY/LongitudinalConnectome_PostRegError/PreCIVILITY/Conte/1Yr/A42/T2QCFair/neo-0335-1-1year/Input_Civility_DWISpace/neo-0335-1-1year_42_DWI_QCed_VC_1mm.nrrd,/work/maria5/EBDS_CIVILITY/LongitudinalConnectome_PostRegError/PreCIVILITY/Conte/1Yr/A42/T2QCFair/neo-0335-1-1year/T1ToDWISpace/00_QC_Visualization/neo-0335-1-1year_T1_SkullStripped_scaled_DWISpace.nrrd,/work/maria5/EBDS_CIVILITY/LongitudinalConnectome_PostRegError/PreCIVILITY/Conte/1Yr/A42/T2QCFair/neo-0335-1-1year/Input_Civility_DWISpace/neo-0335-1-1year_Original_DWI_BrainMask_1mm.nrrd,/work/maria5/EBDS_CIVILITY/LongitudinalConnectome_PostRegError/jsonFilesForCivility/TABLE_Destrieux_SubCorticals_BrainStem.json,/work/maria5/EBDS_CIVILITY/LongitudinalConnectome_PostRegError/PreCIVILITY/Conte/1Yr/A42/T2QCFair/neo-0335-1-1year/Input_Civility_DWISpace/stx_neo-0335-1-1year_T1_CombinedSurface_white_Destrieux_WithSubcorticals.vtk,Destrieux,TRUE,FALSE,"""-P 1000 --steplength=0.75 --sampvox=0.5""",,"""--mem=50g"""
neo-0336-1-1year_DestFinal,/work/maria5/EBDS_CIVILITY/LongitudinalConnectome_PostRegError/PreCIVILITY/Conte/1Yr/A42/T2QCFair/neo-0336-1-1year/Input_Civility_DWISpace/neo-0336-1-1year_42_DWI_QCed_VC_1mm.nrrd,/work/maria5/EBDS_CIVILITY/LongitudinalConnectome_PostRegError/PreCIVILITY/Conte/1Yr/A42/T2QCFair/neo-0336-1-1year/T1ToDWISpace/00_QC_Visualization/neo-0336-1-1year_T1_SkullStripped_scaled_DWISpace.nrrd,/work/maria5/EBDS_CIVILITY/LongitudinalConnectome_PostRegError/PreCIVILITY/Conte/1Yr/A42/T2QCFair/neo-0336-1-1year/Input_Civility_DWISpace/neo-0336-1-1year_Original_DWI_BrainMask_1mm.nrrd,/work/maria5/EBDS_CIVILITY/LongitudinalConnectome_PostRegError/jsonFilesForCivility/TABLE_Destrieux_SubCorticals_BrainStem.json,/work/maria5/EBDS_CIVILITY/LongitudinalConnectome_PostRegError/PreCIVILITY/Conte/1Yr/A42/T2QCFair/neo-0336-1-1year/Input_Civility_DWISpace/stx_neo-0336-1-1year_T1_CombinedSurface_white_Destrieux_WithSubcorticals.vtk,Destrieux,TRUE,FALSE,"""-P 1000 --steplength=0.75 --sampvox=0.5""",,"""--mem=50g"""
neo-0343-1-1year_DestFinal,/work/maria5/EBDS_CIVILITY/LongitudinalConnectome_PostRegError/PreCIVILITY/Conte/1Yr/A42/T2QCFair/neo-0343-1-1year/Input_Civility_DWISpace/neo-0343-1-1year_42_DWI_QCed_VC_1mm.nrrd,/work/maria5/EBDS_CIVILITY/LongitudinalConnectome_PostRegError/PreCIVILITY/Conte/1Yr/A42/T2QCFair/neo-0343-1-1year/T1ToDWISpace/00_QC_Visualization/neo-0343-1-1year_T1_SkullStripped_scaled_DWISpace.nrrd,/work/maria5/EBDS_CIVILITY/LongitudinalConnectome_PostRegError/PreCIVILITY/Conte/1Yr/A42/T2QCFair/neo-0343-1-1year/Input_Civility_DWISpace/neo-0343-1-1year_Original_DWI_BrainMask_1mm.nrrd,/work/maria5/EBDS_CIVILITY/LongitudinalConnectome_PostRegError/jsonFilesForCivility/TABLE_Destrieux_SubCorticals_BrainStem.json,/work/maria5/EBDS_CIVILITY/LongitudinalConnectome_PostRegError/PreCIVILITY/Conte/1Yr/A42/T2QCFair/neo-0343-1-1year/Input_Civility_DWISpace/stx_neo-0343-1-1year_T1_CombinedSurface_white_Destrieux_WithSubcorticals.vtk,Destrieux,TRUE,FALSE,"""-P 1000 --steplength=0.75 --sampvox=0.5""",,"""--mem=50g"""
neo-0343-2-1year_DestFinal,/work/maria5/EBDS_CIVILITY/LongitudinalConnectome_PostRegError/PreCIVILITY/Conte/1Yr/T42/T2QCGood/neo-0343-2-1year/Input_Civility_DWISpace/neo-0343-2-1year_42_DWI_QCed_VC_1mm.nrrd,/work/maria5/EBDS_CIVILITY/LongitudinalConnectome_PostRegError/PreCIVILITY/Conte/1Yr/T42/T2QCGood/neo-0343-2-1year/T1ToDWISpace/00_QC_Visualization/neo-0343-2-1year_T1_SkullStripped_scaled_DWISpace.nrrd,/work/maria5/EBDS_CIVILITY/LongitudinalConnectome_PostRegError/PreCIVILITY/Conte/1Yr/T42/T2QCGood/neo-0343-2-1year/Input_Civility_DWISpace/neo-0343-2-1year_Original_DWI_BrainMask_1mm.nrrd,/work/maria5/EBDS_CIVILITY/LongitudinalConnectome_PostRegError/jsonFilesForCivility/TABLE_Destrieux_SubCorticals_BrainStem.json,/work/maria5/EBDS_CIVILITY/LongitudinalConnectome_PostRegError/PreCIVILITY/Conte/1Yr/T42/T2QCGood/neo-0343-2-1year/Input_Civility_DWISpace/stx_neo-0343-2-1year_T1_CombinedSurface_white_Destrieux_WithSubcorticals.vtk,Destrieux,TRUE,FALSE,"""-P 1000 --steplength=0.75 --sampvox=0.5""",,"""--mem=50g"""
neo-0344-1-1year_DestFinal,/work/maria5/EBDS_CIVILITY/LongitudinalConnectome_PostRegError/PreCIVILITY/Conte/1Yr/A42/T2QCFair/neo-0344-1-1year/Input_Civility_DWISpace/neo-0344-1-1year_42_DWI_QCed_VC_1mm.nrrd,/work/maria5/EBDS_CIVILITY/LongitudinalConnectome_PostRegError/PreCIVILITY/Conte/1Yr/A42/T2QCFair/neo-0344-1-1year/T1ToDWISpace/00_QC_Visualization/neo-0344-1-1year_T1_SkullStripped_scaled_DWISpace.nrrd,/work/maria5/EBDS_CIVILITY/LongitudinalConnectome_PostRegError/PreCIVILITY/Conte/1Yr/A42/T2QCFair/neo-0344-1-1year/Input_Civility_DWISpace/neo-0344-1-1year_Original_DWI_BrainMask_1mm.nrrd,/work/maria5/EBDS_CIVILITY/LongitudinalConnectome_PostRegError/jsonFilesForCivility/TABLE_Destrieux_SubCorticals_BrainStem.json,/work/maria5/EBDS_CIVILITY/LongitudinalConnectome_PostRegError/PreCIVILITY/Conte/1Yr/A42/T2QCFair/neo-0344-1-1year/Input_Civility_DWISpace/stx_neo-0344-1-1year_T1_CombinedSurface_white_Destrieux_WithSubcorticals.vtk,Destrieux,TRUE,FALSE,"""-P 1000 --steplength=0.75 --sampvox=0.5""",,"""--mem=50g"""
neo-0357-1-1year_DestFinal,/work/maria5/EBDS_CIVILITY/LongitudinalConnectome_PostRegError/PreCIVILITY/Conte/1Yr/A42/T2QCPoor/neo-0357-1-1year/Input_Civility_DWISpace/neo-0357-1-1year_42_DWI_QCed_VC_1mm.nrrd,/work/maria5/EBDS_CIVILITY/LongitudinalConnectome_PostRegError/PreCIVILITY/Conte/1Yr/A42/T2QCPoor/neo-0357-1-1year/T1ToDWISpace/00_QC_Visualization/neo-0357-1-1year_T1_SkullStripped_scaled_DWISpace.nrrd,/work/maria5/EBDS_CIVILITY/LongitudinalConnectome_PostRegError/PreCIVILITY/Conte/1Yr/A42/T2QCPoor/neo-0357-1-1year/Input_Civility_DWISpace/neo-0357-1-1year_Original_DWI_BrainMask_1mm.nrrd,/work/maria5/EBDS_CIVILITY/LongitudinalConnectome_PostRegError/jsonFilesForCivility/TABLE_Destrieux_SubCorticals_BrainStem.json,/work/maria5/EBDS_CIVILITY/LongitudinalConnectome_PostRegError/PreCIVILITY/Conte/1Yr/A42/T2QCPoor/neo-0357-1-1year/Input_Civility_DWISpace/stx_neo-0357-1-1year_T1_CombinedSurface_white_Destrieux_WithSubcorticals.vtk,Destrieux,TRUE,FALSE,"""-P 1000 --steplength=0.75 --sampvox=0.5""",,"""--mem=50g"""
neo-0358-1-1year_DestFinal,/work/maria5/EBDS_CIVILITY/LongitudinalConnectome_PostRegError/PreCIVILITY/Conte/1Yr/A42/T2QCFair/neo-0358-1-1year/Input_Civility_DWISpace/neo-0358-1-1year_42_DWI_QCed_VC_1mm.nrrd,/work/maria5/EBDS_CIVILITY/LongitudinalConnectome_PostRegError/PreCIVILITY/Conte/1Yr/A42/T2QCFair/neo-0358-1-1year/T1ToDWISpace/00_QC_Visualization/neo-0358-1-1year_T1_SkullStripped_scaled_DWISpace.nrrd,/work/maria5/EBDS_CIVILITY/LongitudinalConnectome_PostRegError/PreCIVILITY/Conte/1Yr/A42/T2QCFair/neo-0358-1-1year/Input_Civility_DWISpace/neo-0358-1-1year_Original_DWI_BrainMask_1mm.nrrd,/work/maria5/EBDS_CIVILITY/LongitudinalConnectome_PostRegError/jsonFilesForCivility/TABLE_Destrieux_SubCorticals_BrainStem.json,/work/maria5/EBDS_CIVILITY/LongitudinalConnectome_PostRegError/PreCIVILITY/Conte/1Yr/A42/T2QCFair/neo-0358-1-1year/Input_Civility_DWISpace/stx_neo-0358-1-1year_T1_CombinedSurface_white_Destrieux_WithSubcorticals.vtk,Destrieux,TRUE,FALSE,"""-P 1000 --steplength=0.75 --sampvox=0.5""",,"""--mem=50g"""
neo-0359-1-1year_DestFinal,/work/maria5/EBDS_CIVILITY/LongitudinalConnectome_PostRegError/PreCIVILITY/Conte/1Yr/A42/T2QCFair/neo-0359-1-1year/Input_Civility_DWISpace/neo-0359-1-1year_42_DWI_QCed_VC_1mm.nrrd,/work/maria5/EBDS_CIVILITY/LongitudinalConnectome_PostRegError/PreCIVILITY/Conte/1Yr/A42/T2QCFair/neo-0359-1-1year/T1ToDWISpace/00_QC_Visualization/neo-0359-1-1year_T1_SkullStripped_scaled_DWISpace.nrrd,/work/maria5/EBDS_CIVILITY/LongitudinalConnectome_PostRegError/PreCIVILITY/Conte/1Yr/A42/T2QCFair/neo-0359-1-1year/Input_Civility_DWISpace/neo-0359-1-1year_Original_DWI_BrainMask_1mm.nrrd,/work/maria5/EBDS_CIVILITY/LongitudinalConnectome_PostRegError/jsonFilesForCivility/TABLE_Destrieux_SubCorticals_BrainStem.json,/work/maria5/EBDS_CIVILITY/LongitudinalConnectome_PostRegError/PreCIVILITY/Conte/1Yr/A42/T2QCFair/neo-0359-1-1year/Input_Civility_DWISpace/stx_neo-0359-1-1year_T1_CombinedSurface_white_Destrieux_WithSubcorticals.vtk,Destrieux,TRUE,FALSE,"""-P 1000 --steplength=0.75 --sampvox=0.5""",,"""--mem=50g"""
neo-0361-1-1year_DestFinal,/work/maria5/EBDS_CIVILITY/LongitudinalConnectome_PostRegError/PreCIVILITY/Conte/1Yr/A42/T2QCFair/neo-0361-1-1year/Input_Civility_DWISpace/neo-0361-1-1year_42_DWI_QCed_VC_1mm.nrrd,/work/maria5/EBDS_CIVILITY/LongitudinalConnectome_PostRegError/PreCIVILITY/Conte/1Yr/A42/T2QCFair/neo-0361-1-1year/T1ToDWISpace/00_QC_Visualization/neo-0361-1-1year_T1_SkullStripped_scaled_DWISpace.nrrd,/work/maria5/EBDS_CIVILITY/LongitudinalConnectome_PostRegError/PreCIVILITY/Conte/1Yr/A42/T2QCFair/neo-0361-1-1year/Input_Civility_DWISpace/neo-0361-1-1year_Original_DWI_BrainMask_1mm.nrrd,/work/maria5/EBDS_CIVILITY/LongitudinalConnectome_PostRegError/jsonFilesForCivility/TABLE_Destrieux_SubCorticals_BrainStem.json,/work/maria5/EBDS_CIVILITY/LongitudinalConnectome_PostRegError/PreCIVILITY/Conte/1Yr/A42/T2QCFair/neo-0361-1-1year/Input_Civility_DWISpace/stx_neo-0361-1-1year_T1_CombinedSurface_white_Destrieux_WithSubcorticals.vtk,Destrieux,TRUE,FALSE,"""-P 1000 --steplength=0.75 --sampvox=0.5""",,"""--mem=50g"""
neo-0363-1-1year_DestFinal,/work/maria5/EBDS_CIVILITY/LongitudinalConnectome_PostRegError/PreCIVILITY/Conte/1Yr/A42/T2QCFair/neo-0363-1-1year/Input_Civility_DWISpace/neo-0363-1-1year_42_DWI_QCed_VC_1mm.nrrd,/work/maria5/EBDS_CIVILITY/LongitudinalConnectome_PostRegError/PreCIVILITY/Conte/1Yr/A42/T2QCFair/neo-0363-1-1year/T1ToDWISpace/00_QC_Visualization/neo-0363-1-1year_T1_SkullStripped_scaled_DWISpace.nrrd,/work/maria5/EBDS_CIVILITY/LongitudinalConnectome_PostRegError/PreCIVILITY/Conte/1Yr/A42/T2QCFair/neo-0363-1-1year/Input_Civility_DWISpace/neo-0363-1-1year_Original_DWI_BrainMask_1mm.nrrd,/work/maria5/EBDS_CIVILITY/LongitudinalConnectome_PostRegError/jsonFilesForCivility/TABLE_Destrieux_SubCorticals_BrainStem.json,/work/maria5/EBDS_CIVILITY/LongitudinalConnectome_PostRegError/PreCIVILITY/Conte/1Yr/A42/T2QCFair/neo-0363-1-1year/Input_Civility_DWISpace/stx_neo-0363-1-1year_T1_CombinedSurface_white_Destrieux_WithSubcorticals.vtk,Destrieux,TRUE,FALSE,"""-P 1000 --steplength=0.75 --sampvox=0.5""",,"""--mem=50g"""
neo-0364-1-1year_DestFinal,/work/maria5/EBDS_CIVILITY/LongitudinalConnectome_PostRegError/PreCIVILITY/Conte/1Yr/A42/T2QCFair/neo-0364-1-1year/Input_Civility_DWISpace/neo-0364-1-1year_42_DWI_QCed_VC_1mm.nrrd,/work/maria5/EBDS_CIVILITY/LongitudinalConnectome_PostRegError/PreCIVILITY/Conte/1Yr/A42/T2QCFair/neo-0364-1-1year/T1ToDWISpace/00_QC_Visualization/neo-0364-1-1year_T1_SkullStripped_scaled_DWISpace.nrrd,/work/maria5/EBDS_CIVILITY/LongitudinalConnectome_PostRegError/PreCIVILITY/Conte/1Yr/A42/T2QCFair/neo-0364-1-1year/Input_Civility_DWISpace/neo-0364-1-1year_Original_DWI_BrainMask_1mm.nrrd,/work/maria5/EBDS_CIVILITY/LongitudinalConnectome_PostRegError/jsonFilesForCivility/TABLE_Destrieux_SubCorticals_BrainStem.json,/work/maria5/EBDS_CIVILITY/LongitudinalConnectome_PostRegError/PreCIVILITY/Conte/1Yr/A42/T2QCFair/neo-0364-1-1year/Input_Civility_DWISpace/stx_neo-0364-1-1year_T1_CombinedSurface_white_Destrieux_WithSubcorticals.vtk,Destrieux,TRUE,FALSE,"""-P 1000 --steplength=0.75 --sampvox=0.5""",,"""--mem=50g"""
neo-0365-1-1year_DestFinal,/work/maria5/EBDS_CIVILITY/LongitudinalConnectome_PostRegError/PreCIVILITY/Conte/1Yr/A42/T2QCFair/neo-0365-1-1year/Input_Civility_DWISpace/neo-0365-1-1year_42_DWI_QCed_VC_1mm.nrrd,/work/maria5/EBDS_CIVILITY/LongitudinalConnectome_PostRegError/PreCIVILITY/Conte/1Yr/A42/T2QCFair/neo-0365-1-1year/T1ToDWISpace/00_QC_Visualization/neo-0365-1-1year_T1_SkullStripped_scaled_DWISpace.nrrd,/work/maria5/EBDS_CIVILITY/LongitudinalConnectome_PostRegError/PreCIVILITY/Conte/1Yr/A42/T2QCFair/neo-0365-1-1year/Input_Civility_DWISpace/neo-0365-1-1year_Original_DWI_BrainMask_1mm.nrrd,/work/maria5/EBDS_CIVILITY/LongitudinalConnectome_PostRegError/jsonFilesForCivility/TABLE_Destrieux_SubCorticals_BrainStem.json,/work/maria5/EBDS_CIVILITY/LongitudinalConnectome_PostRegError/PreCIVILITY/Conte/1Yr/A42/T2QCFair/neo-0365-1-1year/Input_Civility_DWISpace/stx_neo-0365-1-1year_T1_CombinedSurface_white_Destrieux_WithSubcorticals.vtk,Destrieux,TRUE,FALSE,"""-P 1000 --steplength=0.75 --sampvox=0.5""",,"""--mem=50g"""
neo-0367-1-1year_DestFinal,/work/maria5/EBDS_CIVILITY/LongitudinalConnectome_PostRegError/PreCIVILITY/Conte/1Yr/A42/T2QCPoor/neo-0367-1-1year/Input_Civility_DWISpace/neo-0367-1-1year_42_DWI_QCed_VC_1mm.nrrd,/work/maria5/EBDS_CIVILITY/LongitudinalConnectome_PostRegError/PreCIVILITY/Conte/1Yr/A42/T2QCPoor/neo-0367-1-1year/T1ToDWISpace/00_QC_Visualization/neo-0367-1-1year_T1_SkullStripped_scaled_DWISpace.nrrd,/work/maria5/EBDS_CIVILITY/LongitudinalConnectome_PostRegError/PreCIVILITY/Conte/1Yr/A42/T2QCPoor/neo-0367-1-1year/Input_Civility_DWISpace/neo-0367-1-1year_Original_DWI_BrainMask_1mm.nrrd,/work/maria5/EBDS_CIVILITY/LongitudinalConnectome_PostRegError/jsonFilesForCivility/TABLE_Destrieux_SubCorticals_BrainStem.json,/work/maria5/EBDS_CIVILITY/LongitudinalConnectome_PostRegError/PreCIVILITY/Conte/1Yr/A42/T2QCPoor/neo-0367-1-1year/Input_Civility_DWISpace/stx_neo-0367-1-1year_T1_CombinedSurface_white_Destrieux_WithSubcorticals.vtk,Destrieux,TRUE,FALSE,"""-P 1000 --steplength=0.75 --sampvox=0.5""",,"""--mem=50g"""
neo-0374-1-1year_DestFinal,/work/maria5/EBDS_CIVILITY/LongitudinalConnectome_PostRegError/PreCIVILITY/Conte/1Yr/A42/T2QCFair/neo-0374-1-1year/Input_Civility_DWISpace/neo-0374-1-1year_42_DWI_QCed_VC_1mm.nrrd,/work/maria5/EBDS_CIVILITY/LongitudinalConnectome_PostRegError/PreCIVILITY/Conte/1Yr/A42/T2QCFair/neo-0374-1-1year/T1ToDWISpace/00_QC_Visualization/neo-0374-1-1year_T1_SkullStripped_scaled_DWISpace.nrrd,/work/maria5/EBDS_CIVILITY/LongitudinalConnectome_PostRegError/PreCIVILITY/Conte/1Yr/A42/T2QCFair/neo-0374-1-1year/Input_Civility_DWISpace/neo-0374-1-1year_Original_DWI_BrainMask_1mm.nrrd,/work/maria5/EBDS_CIVILITY/LongitudinalConnectome_PostRegError/jsonFilesForCivility/TABLE_Destrieux_SubCorticals_BrainStem.json,/work/maria5/EBDS_CIVILITY/LongitudinalConnectome_PostRegError/PreCIVILITY/Conte/1Yr/A42/T2QCFair/neo-0374-1-1year/Input_Civility_DWISpace/stx_neo-0374-1-1year_T1_CombinedSurface_white_Destrieux_WithSubcorticals.vtk,Destrieux,TRUE,FALSE,"""-P 1000 --steplength=0.75 --sampvox=0.5""",,"""--mem=50g"""
neo-0377-1-1year_DestFinal,/work/maria5/EBDS_CIVILITY/LongitudinalConnectome_PostRegError/PreCIVILITY/Conte/1Yr/A42/T2QCPoor/neo-0377-1-1year/Input_Civility_DWISpace/neo-0377-1-1year_42_DWI_QCed_VC_1mm.nrrd,/work/maria5/EBDS_CIVILITY/LongitudinalConnectome_PostRegError/PreCIVILITY/Conte/1Yr/A42/T2QCPoor/neo-0377-1-1year/T1ToDWISpace/00_QC_Visualization/neo-0377-1-1year_T1_SkullStripped_scaled_DWISpace.nrrd,/work/maria5/EBDS_CIVILITY/LongitudinalConnectome_PostRegError/PreCIVILITY/Conte/1Yr/A42/T2QCPoor/neo-0377-1-1year/Input_Civility_DWISpace/neo-0377-1-1year_Original_DWI_BrainMask_1mm.nrrd,/work/maria5/EBDS_CIVILITY/LongitudinalConnectome_PostRegError/jsonFilesForCivility/TABLE_Destrieux_SubCorticals_BrainStem.json,/work/maria5/EBDS_CIVILITY/LongitudinalConnectome_PostRegError/PreCIVILITY/Conte/1Yr/A42/T2QCPoor/neo-0377-1-1year/Input_Civility_DWISpace/stx_neo-0377-1-1year_T1_CombinedSurface_white_Destrieux_WithSubcorticals.vtk,Destrieux,TRUE,FALSE,"""-P 1000 --steplength=0.75 --sampvox=0.5""",,"""--mem=50g"""
neo-0378-1-1year_DestFinal,/work/maria5/EBDS_CIVILITY/LongitudinalConnectome_PostRegError/PreCIVILITY/Conte/1Yr/A42/T2QCFair/neo-0378-1-1year/Input_Civility_DWISpace/neo-0378-1-1year_42_DWI_QCed_VC_1mm.nrrd,/work/maria5/EBDS_CIVILITY/LongitudinalConnectome_PostRegError/PreCIVILITY/Conte/1Yr/A42/T2QCFair/neo-0378-1-1year/T1ToDWISpace/00_QC_Visualization/neo-0378-1-1year_T1_SkullStripped_scaled_DWISpace.nrrd,/work/maria5/EBDS_CIVILITY/LongitudinalConnectome_PostRegError/PreCIVILITY/Conte/1Yr/A42/T2QCFair/neo-0378-1-1year/Input_Civility_DWISpace/neo-0378-1-1year_Original_DWI_BrainMask_1mm.nrrd,/work/maria5/EBDS_CIVILITY/LongitudinalConnectome_PostRegError/jsonFilesForCivility/TABLE_Destrieux_SubCorticals_BrainStem.json,/work/maria5/EBDS_CIVILITY/LongitudinalConnectome_PostRegError/PreCIVILITY/Conte/1Yr/A42/T2QCFair/neo-0378-1-1year/Input_Civility_DWISpace/stx_neo-0378-1-1year_T1_CombinedSurface_white_Destrieux_WithSubcorticals.vtk,Destrieux,TRUE,FALSE,"""-P 1000 --steplength=0.75 --sampvox=0.5""",,"""--mem=50g"""
neo-0380-1-1year_DestFinal,/work/maria5/EBDS_CIVILITY/LongitudinalConnectome_PostRegError/PreCIVILITY/Conte/1Yr/A42/T2QCFair/neo-0380-1-1year/Input_Civility_DWISpace/neo-0380-1-1year_42_DWI_QCed_VC_1mm.nrrd,/work/maria5/EBDS_CIVILITY/LongitudinalConnectome_PostRegError/PreCIVILITY/Conte/1Yr/A42/T2QCFair/neo-0380-1-1year/T1ToDWISpace/00_QC_Visualization/neo-0380-1-1year_T1_SkullStripped_scaled_DWISpace.nrrd,/work/maria5/EBDS_CIVILITY/LongitudinalConnectome_PostRegError/PreCIVILITY/Conte/1Yr/A42/T2QCFair/neo-0380-1-1year/Input_Civility_DWISpace/neo-0380-1-1year_Original_DWI_BrainMask_1mm.nrrd,/work/maria5/EBDS_CIVILITY/LongitudinalConnectome_PostRegError/jsonFilesForCivility/TABLE_Destrieux_SubCorticals_BrainStem.json,/work/maria5/EBDS_CIVILITY/LongitudinalConnectome_PostRegError/PreCIVILITY/Conte/1Yr/A42/T2QCFair/neo-0380-1-1year/Input_Civility_DWISpace/stx_neo-0380-1-1year_T1_CombinedSurface_white_Destrieux_WithSubcorticals.vtk,Destrieux,TRUE,FALSE,"""-P 1000 --steplength=0.75 --sampvox=0.5""",,"""--mem=50g"""
neo-0382-1-1year_DestFinal,/work/maria5/EBDS_CIVILITY/LongitudinalConnectome_PostRegError/PreCIVILITY/Conte/1Yr/A42/T2QCFair/neo-0382-1-1year/Input_Civility_DWISpace/neo-0382-1-1year_42_DWI_QCed_VC_1mm.nrrd,/work/maria5/EBDS_CIVILITY/LongitudinalConnectome_PostRegError/PreCIVILITY/Conte/1Yr/A42/T2QCFair/neo-0382-1-1year/T1ToDWISpace/00_QC_Visualization/neo-0382-1-1year_T1_SkullStripped_scaled_DWISpace.nrrd,/work/maria5/EBDS_CIVILITY/LongitudinalConnectome_PostRegError/PreCIVILITY/Conte/1Yr/A42/T2QCFair/neo-0382-1-1year/Input_Civility_DWISpace/neo-0382-1-1year_Original_DWI_BrainMask_1mm.nrrd,/work/maria5/EBDS_CIVILITY/LongitudinalConnectome_PostRegError/jsonFilesForCivility/TABLE_Destrieux_SubCorticals_BrainStem.json,/work/maria5/EBDS_CIVILITY/LongitudinalConnectome_PostRegError/PreCIVILITY/Conte/1Yr/A42/T2QCFair/neo-0382-1-1year/Input_Civility_DWISpace/stx_neo-0382-1-1year_T1_CombinedSurface_white_Destrieux_WithSubcorticals.vtk,Destrieux,TRUE,FALSE,"""-P 1000 --steplength=0.75 --sampvox=0.5""",,"""--mem=50g"""
neo-0387-1-1year_DestFinal,/work/maria5/EBDS_CIVILITY/LongitudinalConnectome_PostRegError/PreCIVILITY/Conte/1Yr/A42/T2QCFair/neo-0387-1-1year/Input_Civility_DWISpace/neo-0387-1-1year_42_DWI_QCed_VC_1mm.nrrd,/work/maria5/EBDS_CIVILITY/LongitudinalConnectome_PostRegError/PreCIVILITY/Conte/1Yr/A42/T2QCFair/neo-0387-1-1year/T1ToDWISpace/00_QC_Visualization/neo-0387-1-1year_T1_SkullStripped_scaled_DWISpace.nrrd,/work/maria5/EBDS_CIVILITY/LongitudinalConnectome_PostRegError/PreCIVILITY/Conte/1Yr/A42/T2QCFair/neo-0387-1-1year/Input_Civility_DWISpace/neo-0387-1-1year_Original_DWI_BrainMask_1mm.nrrd,/work/maria5/EBDS_CIVILITY/LongitudinalConnectome_PostRegError/jsonFilesForCivility/TABLE_Destrieux_SubCorticals_BrainStem.json,/work/maria5/EBDS_CIVILITY/LongitudinalConnectome_PostRegError/PreCIVILITY/Conte/1Yr/A42/T2QCFair/neo-0387-1-1year/Input_Civility_DWISpace/stx_neo-0387-1-1year_T1_CombinedSurface_white_Destrieux_WithSubcorticals.vtk,Destrieux,TRUE,FALSE,"""-P 1000 --steplength=0.75 --sampvox=0.5""",,"""--mem=50g"""
neo-0388-1-1year_DestFinal,/work/maria5/EBDS_CIVILITY/LongitudinalConnectome_PostRegError/PreCIVILITY/Conte/1Yr/A42/T2QCFair/neo-0388-1-1year/Input_Civility_DWISpace/neo-0388-1-1year_42_DWI_QCed_VC_1mm.nrrd,/work/maria5/EBDS_CIVILITY/LongitudinalConnectome_PostRegError/PreCIVILITY/Conte/1Yr/A42/T2QCFair/neo-0388-1-1year/T1ToDWISpace/00_QC_Visualization/neo-0388-1-1year_T1_SkullStripped_scaled_DWISpace.nrrd,/work/maria5/EBDS_CIVILITY/LongitudinalConnectome_PostRegError/PreCIVILITY/Conte/1Yr/A42/T2QCFair/neo-0388-1-1year/Input_Civility_DWISpace/neo-0388-1-1year_Original_DWI_BrainMask_1mm.nrrd,/work/maria5/EBDS_CIVILITY/LongitudinalConnectome_PostRegError/jsonFilesForCivility/TABLE_Destrieux_SubCorticals_BrainStem.json,/work/maria5/EBDS_CIVILITY/LongitudinalConnectome_PostRegError/PreCIVILITY/Conte/1Yr/A42/T2QCFair/neo-0388-1-1year/Input_Civility_DWISpace/stx_neo-0388-1-1year_T1_CombinedSurface_white_Destrieux_WithSubcorticals.vtk,Destrieux,TRUE,FALSE,"""-P 1000 --steplength=0.75 --sampvox=0.5""",,"""--mem=50g"""
neo-0393-1-1year_DestFinal,/work/maria5/EBDS_CIVILITY/LongitudinalConnectome_PostRegError/PreCIVILITY/Conte/1Yr/A42/T2QCFair/neo-0393-1-1year/Input_Civility_DWISpace/neo-0393-1-1year_42_DWI_QCed_VC_1mm.nrrd,/work/maria5/EBDS_CIVILITY/LongitudinalConnectome_PostRegError/PreCIVILITY/Conte/1Yr/A42/T2QCFair/neo-0393-1-1year/T1ToDWISpace/00_QC_Visualization/neo-0393-1-1year_T1_SkullStripped_scaled_DWISpace.nrrd,/work/maria5/EBDS_CIVILITY/LongitudinalConnectome_PostRegError/PreCIVILITY/Conte/1Yr/A42/T2QCFair/neo-0393-1-1year/Input_Civility_DWISpace/neo-0393-1-1year_Original_DWI_BrainMask_1mm.nrrd,/work/maria5/EBDS_CIVILITY/LongitudinalConnectome_PostRegError/jsonFilesForCivility/TABLE_Destrieux_SubCorticals_BrainStem.json,/work/maria5/EBDS_CIVILITY/LongitudinalConnectome_PostRegError/PreCIVILITY/Conte/1Yr/A42/T2QCFair/neo-0393-1-1year/Input_Civility_DWISpace/stx_neo-0393-1-1year_T1_CombinedSurface_white_Destrieux_WithSubcorticals.vtk,Destrieux,TRUE,FALSE,"""-P 1000 --steplength=0.75 --sampvox=0.5""",,"""--mem=50g"""
neo-0393-2-1year_DestFinal,/work/maria5/EBDS_CIVILITY/LongitudinalConnectome_PostRegError/PreCIVILITY/Conte/1Yr/A42/T2QCFair/neo-0393-2-1year/Input_Civility_DWISpace/neo-0393-2-1year_42_DWI_QCed_VC_1mm.nrrd,/work/maria5/EBDS_CIVILITY/LongitudinalConnectome_PostRegError/PreCIVILITY/Conte/1Yr/A42/T2QCFair/neo-0393-2-1year/T1ToDWISpace/00_QC_Visualization/neo-0393-2-1year_T1_SkullStripped_scaled_DWISpace.nrrd,/work/maria5/EBDS_CIVILITY/LongitudinalConnectome_PostRegError/PreCIVILITY/Conte/1Yr/A42/T2QCFair/neo-0393-2-1year/Input_Civility_DWISpace/neo-0393-2-1year_Original_DWI_BrainMask_1mm.nrrd,/work/maria5/EBDS_CIVILITY/LongitudinalConnectome_PostRegError/jsonFilesForCivility/TABLE_Destrieux_SubCorticals_BrainStem.json,/work/maria5/EBDS_CIVILITY/LongitudinalConnectome_PostRegError/PreCIVILITY/Conte/1Yr/A42/T2QCFair/neo-0393-2-1year/Input_Civility_DWISpace/stx_neo-0393-2-1year_T1_CombinedSurface_white_Destrieux_WithSubcorticals.vtk,Destrieux,TRUE,FALSE,"""-P 1000 --steplength=0.75 --sampvox=0.5""",,"""--mem=50g"""
neo-0394-1-1year_DestFinal,/work/maria5/EBDS_CIVILITY/LongitudinalConnectome_PostRegError/PreCIVILITY/Conte/1Yr/A42/T2QCFair/neo-0394-1-1year/Input_Civility_DWISpace/neo-0394-1-1year_42_DWI_QCed_VC_1mm.nrrd,/work/maria5/EBDS_CIVILITY/LongitudinalConnectome_PostRegError/PreCIVILITY/Conte/1Yr/A42/T2QCFair/neo-0394-1-1year/T1ToDWISpace/00_QC_Visualization/neo-0394-1-1year_T1_SkullStripped_scaled_DWISpace.nrrd,/work/maria5/EBDS_CIVILITY/LongitudinalConnectome_PostRegError/PreCIVILITY/Conte/1Yr/A42/T2QCFair/neo-0394-1-1year/Input_Civility_DWISpace/neo-0394-1-1year_Original_DWI_BrainMask_1mm.nrrd,/work/maria5/EBDS_CIVILITY/LongitudinalConnectome_PostRegError/jsonFilesForCivility/TABLE_Destrieux_SubCorticals_BrainStem.json,/work/maria5/EBDS_CIVILITY/LongitudinalConnectome_PostRegError/PreCIVILITY/Conte/1Yr/A42/T2QCFair/neo-0394-1-1year/Input_Civility_DWISpace/stx_neo-0394-1-1year_T1_CombinedSurface_white_Destrieux_WithSubcorticals.vtk,Destrieux,TRUE,FALSE,"""-P 1000 --steplength=0.75 --sampvox=0.5""",,"""--mem=50g"""
neo-0395-1-1year_DestFinal,/work/maria5/EBDS_CIVILITY/LongitudinalConnectome_PostRegError/PreCIVILITY/Conte/1Yr/A42/T2QCFair/neo-0395-1-1year/Input_Civility_DWISpace/neo-0395-1-1year_42_DWI_QCed_VC_1mm.nrrd,/work/maria5/EBDS_CIVILITY/LongitudinalConnectome_PostRegError/PreCIVILITY/Conte/1Yr/A42/T2QCFair/neo-0395-1-1year/T1ToDWISpace/00_QC_Visualization/neo-0395-1-1year_T1_SkullStripped_scaled_DWISpace.nrrd,/work/maria5/EBDS_CIVILITY/LongitudinalConnectome_PostRegError/PreCIVILITY/Conte/1Yr/A42/T2QCFair/neo-0395-1-1year/Input_Civility_DWISpace/neo-0395-1-1year_Original_DWI_BrainMask_1mm.nrrd,/work/maria5/EBDS_CIVILITY/LongitudinalConnectome_PostRegError/jsonFilesForCivility/TABLE_Destrieux_SubCorticals_BrainStem.json,/work/maria5/EBDS_CIVILITY/LongitudinalConnectome_PostRegError/PreCIVILITY/Conte/1Yr/A42/T2QCFair/neo-0395-1-1year/Input_Civility_DWISpace/stx_neo-0395-1-1year_T1_CombinedSurface_white_Destrieux_WithSubcorticals.vtk,Destrieux,TRUE,FALSE,"""-P 1000 --steplength=0.75 --sampvox=0.5""",,"""--mem=50g"""
neo-0398-1-1year_DestFinal,/work/maria5/EBDS_CIVILITY/LongitudinalConnectome_PostRegError/PreCIVILITY/Conte/1Yr/A42/T2QCFair/neo-0398-1-1year/Input_Civility_DWISpace/neo-0398-1-1year_42_DWI_QCed_VC_1mm.nrrd,/work/maria5/EBDS_CIVILITY/LongitudinalConnectome_PostRegError/PreCIVILITY/Conte/1Yr/A42/T2QCFair/neo-0398-1-1year/T1ToDWISpace/00_QC_Visualization/neo-0398-1-1year_T1_SkullStripped_scaled_DWISpace.nrrd,/work/maria5/EBDS_CIVILITY/LongitudinalConnectome_PostRegError/PreCIVILITY/Conte/1Yr/A42/T2QCFair/neo-0398-1-1year/Input_Civility_DWISpace/neo-0398-1-1year_Original_DWI_BrainMask_1mm.nrrd,/work/maria5/EBDS_CIVILITY/LongitudinalConnectome_PostRegError/jsonFilesForCivility/TABLE_Destrieux_SubCorticals_BrainStem.json,/work/maria5/EBDS_CIVILITY/LongitudinalConnectome_PostRegError/PreCIVILITY/Conte/1Yr/A42/T2QCFair/neo-0398-1-1year/Input_Civility_DWISpace/stx_neo-0398-1-1year_T1_CombinedSurface_white_Destrieux_WithSubcorticals.vtk,Destrieux,TRUE,FALSE,"""-P 1000 --steplength=0.75 --sampvox=0.5""",,"""--mem=50g"""
neo-0403-1-1year_DestFinal,/work/maria5/EBDS_CIVILITY/LongitudinalConnectome_PostRegError/PreCIVILITY/Conte/1Yr/A42/T2QCFair/neo-0403-1-1year/Input_Civility_DWISpace/neo-0403-1-1year_42_DWI_QCed_VC_1mm.nrrd,/work/maria5/EBDS_CIVILITY/LongitudinalConnectome_PostRegError/PreCIVILITY/Conte/1Yr/A42/T2QCFair/neo-0403-1-1year/T1ToDWISpace/00_QC_Visualization/neo-0403-1-1year_T1_SkullStripped_scaled_DWISpace.nrrd,/work/maria5/EBDS_CIVILITY/LongitudinalConnectome_PostRegError/PreCIVILITY/Conte/1Yr/A42/T2QCFair/neo-0403-1-1year/Input_Civility_DWISpace/neo-0403-1-1year_Original_DWI_BrainMask_1mm.nrrd,/work/maria5/EBDS_CIVILITY/LongitudinalConnectome_PostRegError/jsonFilesForCivility/TABLE_Destrieux_SubCorticals_BrainStem.json,/work/maria5/EBDS_CIVILITY/LongitudinalConnectome_PostRegError/PreCIVILITY/Conte/1Yr/A42/T2QCFair/neo-0403-1-1year/Input_Civility_DWISpace/stx_neo-0403-1-1year_T1_CombinedSurface_white_Destrieux_WithSubcorticals.vtk,Destrieux,TRUE,FALSE,"""-P 1000 --steplength=0.75 --sampvox=0.5""",,"""--mem=50g"""
neo-0408-1-1year_DestFinal,/work/maria5/EBDS_CIVILITY/LongitudinalConnectome_PostRegError/PreCIVILITY/Conte/1Yr/A42/T2QCFair/neo-0408-1-1year/Input_Civility_DWISpace/neo-0408-1-1year_42_DWI_QCed_VC_1mm.nrrd,/work/maria5/EBDS_CIVILITY/LongitudinalConnectome_PostRegError/PreCIVILITY/Conte/1Yr/A42/T2QCFair/neo-0408-1-1year/T1ToDWISpace/00_QC_Visualization/neo-0408-1-1year_T1_SkullStripped_scaled_DWISpace.nrrd,/work/maria5/EBDS_CIVILITY/LongitudinalConnectome_PostRegError/PreCIVILITY/Conte/1Yr/A42/T2QCFair/neo-0408-1-1year/Input_Civility_DWISpace/neo-0408-1-1year_Original_DWI_BrainMask_1mm.nrrd,/work/maria5/EBDS_CIVILITY/LongitudinalConnectome_PostRegError/jsonFilesForCivility/TABLE_Destrieux_SubCorticals_BrainStem.json,/work/maria5/EBDS_CIVILITY/LongitudinalConnectome_PostRegError/PreCIVILITY/Conte/1Yr/A42/T2QCFair/neo-0408-1-1year/Input_Civility_DWISpace/stx_neo-0408-1-1year_T1_CombinedSurface_white_Destrieux_WithSubcorticals.vtk,Destrieux,TRUE,FALSE,"""-P 1000 --steplength=0.75 --sampvox=0.5""",,"""--mem=50g"""
neo-0409-1-1year_DestFinal,/work/maria5/EBDS_CIVILITY/LongitudinalConnectome_PostRegError/PreCIVILITY/Conte/1Yr/A42/T2QCFair/neo-0409-1-1year/Input_Civility_DWISpace/neo-0409-1-1year_42_DWI_QCed_VC_1mm.nrrd,/work/maria5/EBDS_CIVILITY/LongitudinalConnectome_PostRegError/PreCIVILITY/Conte/1Yr/A42/T2QCFair/neo-0409-1-1year/T1ToDWISpace/00_QC_Visualization/neo-0409-1-1year_T1_SkullStripped_scaled_DWISpace.nrrd,/work/maria5/EBDS_CIVILITY/LongitudinalConnectome_PostRegError/PreCIVILITY/Conte/1Yr/A42/T2QCFair/neo-0409-1-1year/Input_Civility_DWISpace/neo-0409-1-1year_Original_DWI_BrainMask_1mm.nrrd,/work/maria5/EBDS_CIVILITY/LongitudinalConnectome_PostRegError/jsonFilesForCivility/TABLE_Destrieux_SubCorticals_BrainStem.json,/work/maria5/EBDS_CIVILITY/LongitudinalConnectome_PostRegError/PreCIVILITY/Conte/1Yr/A42/T2QCFair/neo-0409-1-1year/Input_Civility_DWISpace/stx_neo-0409-1-1year_T1_CombinedSurface_white_Destrieux_WithSubcorticals.vtk,Destrieux,TRUE,FALSE,"""-P 1000 --steplength=0.75 --sampvox=0.5""",,"""--mem=50g"""
neo-0411-1-1year_DestFinal,/work/maria5/EBDS_CIVILITY/LongitudinalConnectome_PostRegError/PreCIVILITY/Conte/1Yr/A42/T2QCFair/neo-0411-1-1year/Input_Civility_DWISpace/neo-0411-1-1year_42_DWI_QCed_VC_1mm.nrrd,/work/maria5/EBDS_CIVILITY/LongitudinalConnectome_PostRegError/PreCIVILITY/Conte/1Yr/A42/T2QCFair/neo-0411-1-1year/T1ToDWISpace/00_QC_Visualization/neo-0411-1-1year_T1_SkullStripped_scaled_DWISpace.nrrd,/work/maria5/EBDS_CIVILITY/LongitudinalConnectome_PostRegError/PreCIVILITY/Conte/1Yr/A42/T2QCFair/neo-0411-1-1year/Input_Civility_DWISpace/neo-0411-1-1year_Original_DWI_BrainMask_1mm.nrrd,/work/maria5/EBDS_CIVILITY/LongitudinalConnectome_PostRegError/jsonFilesForCivility/TABLE_Destrieux_SubCorticals_BrainStem.json,/work/maria5/EBDS_CIVILITY/LongitudinalConnectome_PostRegError/PreCIVILITY/Conte/1Yr/A42/T2QCFair/neo-0411-1-1year/Input_Civility_DWISpace/stx_neo-0411-1-1year_T1_CombinedSurface_white_Destrieux_WithSubcorticals.vtk,Destrieux,TRUE,FALSE,"""-P 1000 --steplength=0.75 --sampvox=0.5""",,"""--mem=50g"""
neo-0413-1-1year_DestFinal,/work/maria5/EBDS_CIVILITY/LongitudinalConnectome_PostRegError/PreCIVILITY/Conte/1Yr/A42/T2QCFair/neo-0413-1-1year/Input_Civility_DWISpace/neo-0413-1-1year_42_DWI_QCed_VC_1mm.nrrd,/work/maria5/EBDS_CIVILITY/LongitudinalConnectome_PostRegError/PreCIVILITY/Conte/1Yr/A42/T2QCFair/neo-0413-1-1year/T1ToDWISpace/00_QC_Visualization/neo-0413-1-1year_T1_SkullStripped_scaled_DWISpace.nrrd,/work/maria5/EBDS_CIVILITY/LongitudinalConnectome_PostRegError/PreCIVILITY/Conte/1Yr/A42/T2QCFair/neo-0413-1-1year/Input_Civility_DWISpace/neo-0413-1-1year_Original_DWI_BrainMask_1mm.nrrd,/work/maria5/EBDS_CIVILITY/LongitudinalConnectome_PostRegError/jsonFilesForCivility/TABLE_Destrieux_SubCorticals_BrainStem.json,/work/maria5/EBDS_CIVILITY/LongitudinalConnectome_PostRegError/PreCIVILITY/Conte/1Yr/A42/T2QCFair/neo-0413-1-1year/Input_Civility_DWISpace/stx_neo-0413-1-1year_T1_CombinedSurface_white_Destrieux_WithSubcorticals.vtk,Destrieux,TRUE,FALSE,"""-P 1000 --steplength=0.75 --sampvox=0.5""",,"""--mem=50g"""
neo-0415-1-1year_DestFinal,/work/maria5/EBDS_CIVILITY/LongitudinalConnectome_PostRegError/PreCIVILITY/Conte/1Yr/A42/T2QCFair/neo-0415-1-1year/Input_Civility_DWISpace/neo-0415-1-1year_42_DWI_QCed_VC_1mm.nrrd,/work/maria5/EBDS_CIVILITY/LongitudinalConnectome_PostRegError/PreCIVILITY/Conte/1Yr/A42/T2QCFair/neo-0415-1-1year/T1ToDWISpace/00_QC_Visualization/neo-0415-1-1year_T1_SkullStripped_scaled_DWISpace.nrrd,/work/maria5/EBDS_CIVILITY/LongitudinalConnectome_PostRegError/PreCIVILITY/Conte/1Yr/A42/T2QCFair/neo-0415-1-1year/Input_Civility_DWISpace/neo-0415-1-1year_Original_DWI_BrainMask_1mm.nrrd,/work/maria5/EBDS_CIVILITY/LongitudinalConnectome_PostRegError/jsonFilesForCivility/TABLE_Destrieux_SubCorticals_BrainStem.json,/work/maria5/EBDS_CIVILITY/LongitudinalConnectome_PostRegError/PreCIVILITY/Conte/1Yr/A42/T2QCFair/neo-0415-1-1year/Input_Civility_DWISpace/stx_neo-0415-1-1year_T1_CombinedSurface_white_Destrieux_WithSubcorticals.vtk,Destrieux,TRUE,FALSE,"""-P 1000 --steplength=0.75 --sampvox=0.5""",,"""--mem=50g"""
neo-0421-1-1year_DestFinal,/work/maria5/EBDS_CIVILITY/LongitudinalConnectome_PostRegError/PreCIVILITY/Conte/1Yr/A42/T2QCFair/neo-0421-1-1year/Input_Civility_DWISpace/neo-0421-1-1year_42_DWI_QCed_VC_1mm.nrrd,/work/maria5/EBDS_CIVILITY/LongitudinalConnectome_PostRegError/PreCIVILITY/Conte/1Yr/A42/T2QCFair/neo-0421-1-1year/T1ToDWISpace/00_QC_Visualization/neo-0421-1-1year_T1_SkullStripped_scaled_DWISpace.nrrd,/work/maria5/EBDS_CIVILITY/LongitudinalConnectome_PostRegError/PreCIVILITY/Conte/1Yr/A42/T2QCFair/neo-0421-1-1year/Input_Civility_DWISpace/neo-0421-1-1year_Original_DWI_BrainMask_1mm.nrrd,/work/maria5/EBDS_CIVILITY/LongitudinalConnectome_PostRegError/jsonFilesForCivility/TABLE_Destrieux_SubCorticals_BrainStem.json,/work/maria5/EBDS_CIVILITY/LongitudinalConnectome_PostRegError/PreCIVILITY/Conte/1Yr/A42/T2QCFair/neo-0421-1-1year/Input_Civility_DWISpace/stx_neo-0421-1-1year_T1_CombinedSurface_white_Destrieux_WithSubcorticals.vtk,Destrieux,TRUE,FALSE,"""-P 1000 --steplength=0.75 --sampvox=0.5""",,"""--mem=50g"""
neo-0423-1-1year_DestFinal,/work/maria5/EBDS_CIVILITY/LongitudinalConnectome_PostRegError/PreCIVILITY/Conte/1Yr/A42/T2QCFair/neo-0423-1-1year/Input_Civility_DWISpace/neo-0423-1-1year_42_DWI_QCed_VC_1mm.nrrd,/work/maria5/EBDS_CIVILITY/LongitudinalConnectome_PostRegError/PreCIVILITY/Conte/1Yr/A42/T2QCFair/neo-0423-1-1year/T1ToDWISpace/00_QC_Visualization/neo-0423-1-1year_T1_SkullStripped_scaled_DWISpace.nrrd,/work/maria5/EBDS_CIVILITY/LongitudinalConnectome_PostRegError/PreCIVILITY/Conte/1Yr/A42/T2QCFair/neo-0423-1-1year/Input_Civility_DWISpace/neo-0423-1-1year_Original_DWI_BrainMask_1mm.nrrd,/work/maria5/EBDS_CIVILITY/LongitudinalConnectome_PostRegError/jsonFilesForCivility/TABLE_Destrieux_SubCorticals_BrainStem.json,/work/maria5/EBDS_CIVILITY/LongitudinalConnectome_PostRegError/PreCIVILITY/Conte/1Yr/A42/T2QCFair/neo-0423-1-1year/Input_Civility_DWISpace/stx_neo-0423-1-1year_T1_CombinedSurface_white_Destrieux_WithSubcorticals.vtk,Destrieux,TRUE,FALSE,"""-P 1000 --steplength=0.75 --sampvox=0.5""",,"""--mem=50g"""
neo-0432-1-1year_DestFinal,/work/maria5/EBDS_CIVILITY/LongitudinalConnectome_PostRegError/PreCIVILITY/Conte/1Yr/A42/T2QCFair/neo-0432-1-1year/Input_Civility_DWISpace/neo-0432-1-1year_42_DWI_QCed_VC_1mm.nrrd,/work/maria5/EBDS_CIVILITY/LongitudinalConnectome_PostRegError/PreCIVILITY/Conte/1Yr/A42/T2QCFair/neo-0432-1-1year/T1ToDWISpace/00_QC_Visualization/neo-0432-1-1year_T1_SkullStripped_scaled_DWISpace.nrrd,/work/maria5/EBDS_CIVILITY/LongitudinalConnectome_PostRegError/PreCIVILITY/Conte/1Yr/A42/T2QCFair/neo-0432-1-1year/Input_Civility_DWISpace/neo-0432-1-1year_Original_DWI_BrainMask_1mm.nrrd,/work/maria5/EBDS_CIVILITY/LongitudinalConnectome_PostRegError/jsonFilesForCivility/TABLE_Destrieux_SubCorticals_BrainStem.json,/work/maria5/EBDS_CIVILITY/LongitudinalConnectome_PostRegError/PreCIVILITY/Conte/1Yr/A42/T2QCFair/neo-0432-1-1year/Input_Civility_DWISpace/stx_neo-0432-1-1year_T1_CombinedSurface_white_Destrieux_WithSubcorticals.vtk,Destrieux,TRUE,FALSE,"""-P 1000 --steplength=0.75 --sampvox=0.5""",,"""--mem=50g"""
neo-0433-1-1year_DestFinal,/work/maria5/EBDS_CIVILITY/LongitudinalConnectome_PostRegError/PreCIVILITY/Conte/1Yr/A42/T2QCPoor/neo-0433-1-1year/Input_Civility_DWISpace/neo-0433-1-1year_42_DWI_QCed_VC_1mm.nrrd,/work/maria5/EBDS_CIVILITY/LongitudinalConnectome_PostRegError/PreCIVILITY/Conte/1Yr/A42/T2QCPoor/neo-0433-1-1year/T1ToDWISpace/00_QC_Visualization/neo-0433-1-1year_T1_SkullStripped_scaled_DWISpace.nrrd,/work/maria5/EBDS_CIVILITY/LongitudinalConnectome_PostRegError/PreCIVILITY/Conte/1Yr/A42/T2QCPoor/neo-0433-1-1year/Input_Civility_DWISpace/neo-0433-1-1year_Original_DWI_BrainMask_1mm.nrrd,/work/maria5/EBDS_CIVILITY/LongitudinalConnectome_PostRegError/jsonFilesForCivility/TABLE_Destrieux_SubCorticals_BrainStem.json,/work/maria5/EBDS_CIVILITY/LongitudinalConnectome_PostRegError/PreCIVILITY/Conte/1Yr/A42/T2QCPoor/neo-0433-1-1year/Input_Civility_DWISpace/stx_neo-0433-1-1year_T1_CombinedSurface_white_Destrieux_WithSubcorticals.vtk,Destrieux,TRUE,FALSE,"""-P 1000 --steplength=0.75 --sampvox=0.5""",,"""--mem=50g"""
neo-0434-1-1year_DestFinal,/work/maria5/EBDS_CIVILITY/LongitudinalConnectome_PostRegError/PreCIVILITY/Conte/1Yr/A42/T2QCFair/neo-0434-1-1year/Input_Civility_DWISpace/neo-0434-1-1year_42_DWI_QCed_VC_1mm.nrrd,/work/maria5/EBDS_CIVILITY/LongitudinalConnectome_PostRegError/PreCIVILITY/Conte/1Yr/A42/T2QCFair/neo-0434-1-1year/T1ToDWISpace/00_QC_Visualization/neo-0434-1-1year_T1_SkullStripped_scaled_DWISpace.nrrd,/work/maria5/EBDS_CIVILITY/LongitudinalConnectome_PostRegError/PreCIVILITY/Conte/1Yr/A42/T2QCFair/neo-0434-1-1year/Input_Civility_DWISpace/neo-0434-1-1year_Original_DWI_BrainMask_1mm.nrrd,/work/maria5/EBDS_CIVILITY/LongitudinalConnectome_PostRegError/jsonFilesForCivility/TABLE_Destrieux_SubCorticals_BrainStem.json,/work/maria5/EBDS_CIVILITY/LongitudinalConnectome_PostRegError/PreCIVILITY/Conte/1Yr/A42/T2QCFair/neo-0434-1-1year/Input_Civility_DWISpace/stx_neo-0434-1-1year_T1_CombinedSurface_white_Destrieux_WithSubcorticals.vtk,Destrieux,TRUE,FALSE,"""-P 1000 --steplength=0.75 --sampvox=0.5""",,"""--mem=50g"""
neo-0436-1-1year_DestFinal,/work/maria5/EBDS_CIVILITY/LongitudinalConnectome_PostRegError/PreCIVILITY/Conte/1Yr/A42/T2QCFair/neo-0436-1-1year/Input_Civility_DWISpace/neo-0436-1-1year_42_DWI_QCed_VC_1mm.nrrd,/work/maria5/EBDS_CIVILITY/LongitudinalConnectome_PostRegError/PreCIVILITY/Conte/1Yr/A42/T2QCFair/neo-0436-1-1year/T1ToDWISpace/00_QC_Visualization/neo-0436-1-1year_T1_SkullStripped_scaled_DWISpace.nrrd,/work/maria5/EBDS_CIVILITY/LongitudinalConnectome_PostRegError/PreCIVILITY/Conte/1Yr/A42/T2QCFair/neo-0436-1-1year/Input_Civility_DWISpace/neo-0436-1-1year_Original_DWI_BrainMask_1mm.nrrd,/work/maria5/EBDS_CIVILITY/LongitudinalConnectome_PostRegError/jsonFilesForCivility/TABLE_Destrieux_SubCorticals_BrainStem.json,/work/maria5/EBDS_CIVILITY/LongitudinalConnectome_PostRegError/PreCIVILITY/Conte/1Yr/A42/T2QCFair/neo-0436-1-1year/Input_Civility_DWISpace/stx_neo-0436-1-1year_T1_CombinedSurface_white_Destrieux_WithSubcorticals.vtk,Destrieux,TRUE,FALSE,"""-P 1000 --steplength=0.75 --sampvox=0.5""",,"""--mem=50g"""
neo-0444-1-1year_DestFinal,/work/maria5/EBDS_CIVILITY/LongitudinalConnectome_PostRegError/PreCIVILITY/Conte/1Yr/A42/T2QCFair/neo-0444-1-1year/Input_Civility_DWISpace/neo-0444-1-1year_42_DWI_QCed_VC_1mm.nrrd,/work/maria5/EBDS_CIVILITY/LongitudinalConnectome_PostRegError/PreCIVILITY/Conte/1Yr/A42/T2QCFair/neo-0444-1-1year/T1ToDWISpace/00_QC_Visualization/neo-0444-1-1year_T1_SkullStripped_scaled_DWISpace.nrrd,/work/maria5/EBDS_CIVILITY/LongitudinalConnectome_PostRegError/PreCIVILITY/Conte/1Yr/A42/T2QCFair/neo-0444-1-1year/Input_Civility_DWISpace/neo-0444-1-1year_Original_DWI_BrainMask_1mm.nrrd,/work/maria5/EBDS_CIVILITY/LongitudinalConnectome_PostRegError/jsonFilesForCivility/TABLE_Destrieux_SubCorticals_BrainStem.json,/work/maria5/EBDS_CIVILITY/LongitudinalConnectome_PostRegError/PreCIVILITY/Conte/1Yr/A42/T2QCFair/neo-0444-1-1year/Input_Civility_DWISpace/stx_neo-0444-1-1year_T1_CombinedSurface_white_Destrieux_WithSubcorticals.vtk,Destrieux,TRUE,FALSE,"""-P 1000 --steplength=0.75 --sampvox=0.5""",,"""--mem=50g"""
neo-0445-1-1year_DestFinal,/work/maria5/EBDS_CIVILITY/LongitudinalConnectome_PostRegError/PreCIVILITY/Conte/1Yr/A42/T2QCFair/neo-0445-1-1year/Input_Civility_DWISpace/neo-0445-1-1year_42_DWI_QCed_VC_1mm.nrrd,/work/maria5/EBDS_CIVILITY/LongitudinalConnectome_PostRegError/PreCIVILITY/Conte/1Yr/A42/T2QCFair/neo-0445-1-1year/T1ToDWISpace/00_QC_Visualization/neo-0445-1-1year_T1_SkullStripped_scaled_DWISpace.nrrd,/work/maria5/EBDS_CIVILITY/LongitudinalConnectome_PostRegError/PreCIVILITY/Conte/1Yr/A42/T2QCFair/neo-0445-1-1year/Input_Civility_DWISpace/neo-0445-1-1year_Original_DWI_BrainMask_1mm.nrrd,/work/maria5/EBDS_CIVILITY/LongitudinalConnectome_PostRegError/jsonFilesForCivility/TABLE_Destrieux_SubCorticals_BrainStem.json,/work/maria5/EBDS_CIVILITY/LongitudinalConnectome_PostRegError/PreCIVILITY/Conte/1Yr/A42/T2QCFair/neo-0445-1-1year/Input_Civility_DWISpace/stx_neo-0445-1-1year_T1_CombinedSurface_white_Destrieux_WithSubcorticals.vtk,Destrieux,TRUE,FALSE,"""-P 1000 --steplength=0.75 --sampvox=0.5""",,"""--mem=50g"""
neo-0446-1-1year_DestFinal,/work/maria5/EBDS_CIVILITY/LongitudinalConnectome_PostRegError/PreCIVILITY/Conte/1Yr/A42/T2QCFair/neo-0446-1-1year/Input_Civility_DWISpace/neo-0446-1-1year_42_DWI_QCed_VC_1mm.nrrd,/work/maria5/EBDS_CIVILITY/LongitudinalConnectome_PostRegError/PreCIVILITY/Conte/1Yr/A42/T2QCFair/neo-0446-1-1year/T1ToDWISpace/00_QC_Visualization/neo-0446-1-1year_T1_SkullStripped_scaled_DWISpace.nrrd,/work/maria5/EBDS_CIVILITY/LongitudinalConnectome_PostRegError/PreCIVILITY/Conte/1Yr/A42/T2QCFair/neo-0446-1-1year/Input_Civility_DWISpace/neo-0446-1-1year_Original_DWI_BrainMask_1mm.nrrd,/work/maria5/EBDS_CIVILITY/LongitudinalConnectome_PostRegError/jsonFilesForCivility/TABLE_Destrieux_SubCorticals_BrainStem.json,/work/maria5/EBDS_CIVILITY/LongitudinalConnectome_PostRegError/PreCIVILITY/Conte/1Yr/A42/T2QCFair/neo-0446-1-1year/Input_Civility_DWISpace/stx_neo-0446-1-1year_T1_CombinedSurface_white_Destrieux_WithSubcorticals.vtk,Destrieux,TRUE,FALSE,"""-P 1000 --steplength=0.75 --sampvox=0.5""",,"""--mem=50g"""
neo-0449-1-1year_DestFinal,/work/maria5/EBDS_CIVILITY/LongitudinalConnectome_PostRegError/PreCIVILITY/Conte/1Yr/A42/T2QCPoor/neo-0449-1-1year/Input_Civility_DWISpace/neo-0449-1-1year_42_DWI_QCed_VC_1mm.nrrd,/work/maria5/EBDS_CIVILITY/LongitudinalConnectome_PostRegError/PreCIVILITY/Conte/1Yr/A42/T2QCPoor/neo-0449-1-1year/T1ToDWISpace/00_QC_Visualization/neo-0449-1-1year_T1_SkullStripped_scaled_DWISpace.nrrd,/work/maria5/EBDS_CIVILITY/LongitudinalConnectome_PostRegError/PreCIVILITY/Conte/1Yr/A42/T2QCPoor/neo-0449-1-1year/Input_Civility_DWISpace/neo-0449-1-1year_Original_DWI_BrainMask_1mm.nrrd,/work/maria5/EBDS_CIVILITY/LongitudinalConnectome_PostRegError/jsonFilesForCivility/TABLE_Destrieux_SubCorticals_BrainStem.json,/work/maria5/EBDS_CIVILITY/LongitudinalConnectome_PostRegError/PreCIVILITY/Conte/1Yr/A42/T2QCPoor/neo-0449-1-1year/Input_Civility_DWISpace/stx_neo-0449-1-1year_T1_CombinedSurface_white_Destrieux_WithSubcorticals.vtk,Destrieux,TRUE,FALSE,"""-P 1000 --steplength=0.75 --sampvox=0.5""",,"""--mem=50g"""
neo-0455-1-1year_DestFinal,/work/maria5/EBDS_CIVILITY/LongitudinalConnectome_PostRegError/PreCIVILITY/Conte/1Yr/A42/T2QCPoor/neo-0455-1-1year/Input_Civility_DWISpace/neo-0455-1-1year_42_DWI_QCed_VC_1mm.nrrd,/work/maria5/EBDS_CIVILITY/LongitudinalConnectome_PostRegError/PreCIVILITY/Conte/1Yr/A42/T2QCPoor/neo-0455-1-1year/T1ToDWISpace/00_QC_Visualization/neo-0455-1-1year_T1_SkullStripped_scaled_DWISpace.nrrd,/work/maria5/EBDS_CIVILITY/LongitudinalConnectome_PostRegError/PreCIVILITY/Conte/1Yr/A42/T2QCPoor/neo-0455-1-1year/Input_Civility_DWISpace/neo-0455-1-1year_Original_DWI_BrainMask_1mm.nrrd,/work/maria5/EBDS_CIVILITY/LongitudinalConnectome_PostRegError/jsonFilesForCivility/TABLE_Destrieux_SubCorticals_BrainStem.json,/work/maria5/EBDS_CIVILITY/LongitudinalConnectome_PostRegError/PreCIVILITY/Conte/1Yr/A42/T2QCPoor/neo-0455-1-1year/Input_Civility_DWISpace/stx_neo-0455-1-1year_T1_CombinedSurface_white_Destrieux_WithSubcorticals.vtk,Destrieux,TRUE,FALSE,"""-P 1000 --steplength=0.75 --sampvox=0.5""",,"""--mem=50g"""
neo-0458-1-1year_DestFinal,/work/maria5/EBDS_CIVILITY/LongitudinalConnectome_PostRegError/PreCIVILITY/Conte/1Yr/A42/T2QCFair/neo-0458-1-1year/Input_Civility_DWISpace/neo-0458-1-1year_42_DWI_QCed_VC_1mm.nrrd,/work/maria5/EBDS_CIVILITY/LongitudinalConnectome_PostRegError/PreCIVILITY/Conte/1Yr/A42/T2QCFair/neo-0458-1-1year/T1ToDWISpace/00_QC_Visualization/neo-0458-1-1year_T1_SkullStripped_scaled_DWISpace.nrrd,/work/maria5/EBDS_CIVILITY/LongitudinalConnectome_PostRegError/PreCIVILITY/Conte/1Yr/A42/T2QCFair/neo-0458-1-1year/Input_Civility_DWISpace/neo-0458-1-1year_Original_DWI_BrainMask_1mm.nrrd,/work/maria5/EBDS_CIVILITY/LongitudinalConnectome_PostRegError/jsonFilesForCivility/TABLE_Destrieux_SubCorticals_BrainStem.json,/work/maria5/EBDS_CIVILITY/LongitudinalConnectome_PostRegError/PreCIVILITY/Conte/1Yr/A42/T2QCFair/neo-0458-1-1year/Input_Civility_DWISpace/stx_neo-0458-1-1year_T1_CombinedSurface_white_Destrieux_WithSubcorticals.vtk,Destrieux,TRUE,FALSE,"""-P 1000 --steplength=0.75 --sampvox=0.5""",,"""--mem=50g"""
neo-0459-1-1year_DestFinal,/work/maria5/EBDS_CIVILITY/LongitudinalConnectome_PostRegError/PreCIVILITY/Conte/1Yr/A42/T2QCPoor/neo-0459-1-1year/Input_Civility_DWISpace/neo-0459-1-1year_42_DWI_QCed_VC_1mm.nrrd,/work/maria5/EBDS_CIVILITY/LongitudinalConnectome_PostRegError/PreCIVILITY/Conte/1Yr/A42/T2QCPoor/neo-0459-1-1year/T1ToDWISpace/00_QC_Visualization/neo-0459-1-1year_T1_SkullStripped_scaled_DWISpace.nrrd,/work/maria5/EBDS_CIVILITY/LongitudinalConnectome_PostRegError/PreCIVILITY/Conte/1Yr/A42/T2QCPoor/neo-0459-1-1year/Input_Civility_DWISpace/neo-0459-1-1year_Original_DWI_BrainMask_1mm.nrrd,/work/maria5/EBDS_CIVILITY/LongitudinalConnectome_PostRegError/jsonFilesForCivility/TABLE_Destrieux_SubCorticals_BrainStem.json,/work/maria5/EBDS_CIVILITY/LongitudinalConnectome_PostRegError/PreCIVILITY/Conte/1Yr/A42/T2QCPoor/neo-0459-1-1year/Input_Civility_DWISpace/stx_neo-0459-1-1year_T1_CombinedSurface_white_Destrieux_WithSubcorticals.vtk,Destrieux,TRUE,FALSE,"""-P 1000 --steplength=0.75 --sampvox=0.5""",,"""--mem=50g"""
neo-0460-1-1year_DestFinal,/work/maria5/EBDS_CIVILITY/LongitudinalConnectome_PostRegError/PreCIVILITY/Conte/1Yr/A42/T2QCPoor/neo-0460-1-1year/Input_Civility_DWISpace/neo-0460-1-1year_42_DWI_QCed_VC_1mm.nrrd,/work/maria5/EBDS_CIVILITY/LongitudinalConnectome_PostRegError/PreCIVILITY/Conte/1Yr/A42/T2QCPoor/neo-0460-1-1year/T1ToDWISpace/00_QC_Visualization/neo-0460-1-1year_T1_SkullStripped_scaled_DWISpace.nrrd,/work/maria5/EBDS_CIVILITY/LongitudinalConnectome_PostRegError/PreCIVILITY/Conte/1Yr/A42/T2QCPoor/neo-0460-1-1year/Input_Civility_DWISpace/neo-0460-1-1year_Original_DWI_BrainMask_1mm.nrrd,/work/maria5/EBDS_CIVILITY/LongitudinalConnectome_PostRegError/jsonFilesForCivility/TABLE_Destrieux_SubCorticals_BrainStem.json,/work/maria5/EBDS_CIVILITY/LongitudinalConnectome_PostRegError/PreCIVILITY/Conte/1Yr/A42/T2QCPoor/neo-0460-1-1year/Input_Civility_DWISpace/stx_neo-0460-1-1year_T1_CombinedSurface_white_Destrieux_WithSubcorticals.vtk,Destrieux,TRUE,FALSE,"""-P 1000 --steplength=0.75 --sampvox=0.5""",,"""--mem=50g"""
neo-0462-1-1year_DestFinal,/work/maria5/EBDS_CIVILITY/LongitudinalConnectome_PostRegError/PreCIVILITY/Conte/1Yr/A42/T2QCFair/neo-0462-1-1year/Input_Civility_DWISpace/neo-0462-1-1year_42_DWI_QCed_VC_1mm.nrrd,/work/maria5/EBDS_CIVILITY/LongitudinalConnectome_PostRegError/PreCIVILITY/Conte/1Yr/A42/T2QCFair/neo-0462-1-1year/T1ToDWISpace/00_QC_Visualization/neo-0462-1-1year_T1_SkullStripped_scaled_DWISpace.nrrd,/work/maria5/EBDS_CIVILITY/LongitudinalConnectome_PostRegError/PreCIVILITY/Conte/1Yr/A42/T2QCFair/neo-0462-1-1year/Input_Civility_DWISpace/neo-0462-1-1year_Original_DWI_BrainMask_1mm.nrrd,/work/maria5/EBDS_CIVILITY/LongitudinalConnectome_PostRegError/jsonFilesForCivility/TABLE_Destrieux_SubCorticals_BrainStem.json,/work/maria5/EBDS_CIVILITY/LongitudinalConnectome_PostRegError/PreCIVILITY/Conte/1Yr/A42/T2QCFair/neo-0462-1-1year/Input_Civility_DWISpace/stx_neo-0462-1-1year_T1_CombinedSurface_white_Destrieux_WithSubcorticals.vtk,Destrieux,TRUE,FALSE,"""-P 1000 --steplength=0.75 --sampvox=0.5""",,"""--mem=50g"""
neo-0463-1-1year_DestFinal,/work/maria5/EBDS_CIVILITY/LongitudinalConnectome_PostRegError/PreCIVILITY/Conte/1Yr/A42/T2QCPoor/neo-0463-1-1year/Input_Civility_DWISpace/neo-0463-1-1year_42_DWI_QCed_VC_1mm.nrrd,/work/maria5/EBDS_CIVILITY/LongitudinalConnectome_PostRegError/PreCIVILITY/Conte/1Yr/A42/T2QCPoor/neo-0463-1-1year/T1ToDWISpace/00_QC_Visualization/neo-0463-1-1year_T1_SkullStripped_scaled_DWISpace.nrrd,/work/maria5/EBDS_CIVILITY/LongitudinalConnectome_PostRegError/PreCIVILITY/Conte/1Yr/A42/T2QCPoor/neo-0463-1-1year/Input_Civility_DWISpace/neo-0463-1-1year_Original_DWI_BrainMask_1mm.nrrd,/work/maria5/EBDS_CIVILITY/LongitudinalConnectome_PostRegError/jsonFilesForCivility/TABLE_Destrieux_SubCorticals_BrainStem.json,/work/maria5/EBDS_CIVILITY/LongitudinalConnectome_PostRegError/PreCIVILITY/Conte/1Yr/A42/T2QCPoor/neo-0463-1-1year/Input_Civility_DWISpace/stx_neo-0463-1-1year_T1_CombinedSurface_white_Destrieux_WithSubcorticals.vtk,Destrieux,TRUE,FALSE,"""-P 1000 --steplength=0.75 --sampvox=0.5""",,"""--mem=50g"""
neo-0464-1-1year_DestFinal,/work/maria5/EBDS_CIVILITY/LongitudinalConnectome_PostRegError/PreCIVILITY/Conte/1Yr/A42/T2QCFair/neo-0464-1-1year/Input_Civility_DWISpace/neo-0464-1-1year_42_DWI_QCed_VC_1mm.nrrd,/work/maria5/EBDS_CIVILITY/LongitudinalConnectome_PostRegError/PreCIVILITY/Conte/1Yr/A42/T2QCFair/neo-0464-1-1year/T1ToDWISpace/00_QC_Visualization/neo-0464-1-1year_T1_SkullStripped_scaled_DWISpace.nrrd,/work/maria5/EBDS_CIVILITY/LongitudinalConnectome_PostRegError/PreCIVILITY/Conte/1Yr/A42/T2QCFair/neo-0464-1-1year/Input_Civility_DWISpace/neo-0464-1-1year_Original_DWI_BrainMask_1mm.nrrd,/work/maria5/EBDS_CIVILITY/LongitudinalConnectome_PostRegError/jsonFilesForCivility/TABLE_Destrieux_SubCorticals_BrainStem.json,/work/maria5/EBDS_CIVILITY/LongitudinalConnectome_PostRegError/PreCIVILITY/Conte/1Yr/A42/T2QCFair/neo-0464-1-1year/Input_Civility_DWISpace/stx_neo-0464-1-1year_T1_CombinedSurface_white_Destrieux_WithSubcorticals.vtk,Destrieux,TRUE,FALSE,"""-P 1000 --steplength=0.75 --sampvox=0.5""",,"""--mem=50g"""
neo-0466-1-1year_DestFinal,/work/maria5/EBDS_CIVILITY/LongitudinalConnectome_PostRegError/PreCIVILITY/Conte/1Yr/A42/T2QCFair/neo-0466-1-1year/Input_Civility_DWISpace/neo-0466-1-1year_42_DWI_QCed_VC_1mm.nrrd,/work/maria5/EBDS_CIVILITY/LongitudinalConnectome_PostRegError/PreCIVILITY/Conte/1Yr/A42/T2QCFair/neo-0466-1-1year/T1ToDWISpace/00_QC_Visualization/neo-0466-1-1year_T1_SkullStripped_scaled_DWISpace.nrrd,/work/maria5/EBDS_CIVILITY/LongitudinalConnectome_PostRegError/PreCIVILITY/Conte/1Yr/A42/T2QCFair/neo-0466-1-1year/Input_Civility_DWISpace/neo-0466-1-1year_Original_DWI_BrainMask_1mm.nrrd,/work/maria5/EBDS_CIVILITY/LongitudinalConnectome_PostRegError/jsonFilesForCivility/TABLE_Destrieux_SubCorticals_BrainStem.json,/work/maria5/EBDS_CIVILITY/LongitudinalConnectome_PostRegError/PreCIVILITY/Conte/1Yr/A42/T2QCFair/neo-0466-1-1year/Input_Civility_DWISpace/stx_neo-0466-1-1year_T1_CombinedSurface_white_Destrieux_WithSubcorticals.vtk,Destrieux,TRUE,FALSE,"""-P 1000 --steplength=0.75 --sampvox=0.5""",,"""--mem=50g"""
neo-0466-2-1year_DestFinal,/work/maria5/EBDS_CIVILITY/LongitudinalConnectome_PostRegError/PreCIVILITY/Conte/1Yr/A42/T2QCPoor/neo-0466-2-1year/Input_Civility_DWISpace/neo-0466-2-1year_42_DWI_QCed_VC_1mm.nrrd,/work/maria5/EBDS_CIVILITY/LongitudinalConnectome_PostRegError/PreCIVILITY/Conte/1Yr/A42/T2QCPoor/neo-0466-2-1year/T1ToDWISpace/00_QC_Visualization/neo-0466-2-1year_T1_SkullStripped_scaled_DWISpace.nrrd,/work/maria5/EBDS_CIVILITY/LongitudinalConnectome_PostRegError/PreCIVILITY/Conte/1Yr/A42/T2QCPoor/neo-0466-2-1year/Input_Civility_DWISpace/neo-0466-2-1year_Original_DWI_BrainMask_1mm.nrrd,/work/maria5/EBDS_CIVILITY/LongitudinalConnectome_PostRegError/jsonFilesForCivility/TABLE_Destrieux_SubCorticals_BrainStem.json,/work/maria5/EBDS_CIVILITY/LongitudinalConnectome_PostRegError/PreCIVILITY/Conte/1Yr/A42/T2QCPoor/neo-0466-2-1year/Input_Civility_DWISpace/stx_neo-0466-2-1year_T1_CombinedSurface_white_Destrieux_WithSubcorticals.vtk,Destrieux,TRUE,FALSE,"""-P 1000 --steplength=0.75 --sampvox=0.5""",,"""--mem=50g"""
neo-0468-1-1year_DestFinal,/work/maria5/EBDS_CIVILITY/LongitudinalConnectome_PostRegError/PreCIVILITY/Conte/1Yr/A42/T2QCPoor/neo-0468-1-1year/Input_Civility_DWISpace/neo-0468-1-1year_42_DWI_QCed_VC_1mm.nrrd,/work/maria5/EBDS_CIVILITY/LongitudinalConnectome_PostRegError/PreCIVILITY/Conte/1Yr/A42/T2QCPoor/neo-0468-1-1year/T1ToDWISpace/00_QC_Visualization/neo-0468-1-1year_T1_SkullStripped_scaled_DWISpace.nrrd,/work/maria5/EBDS_CIVILITY/LongitudinalConnectome_PostRegError/PreCIVILITY/Conte/1Yr/A42/T2QCPoor/neo-0468-1-1year/Input_Civility_DWISpace/neo-0468-1-1year_Original_DWI_BrainMask_1mm.nrrd,/work/maria5/EBDS_CIVILITY/LongitudinalConnectome_PostRegError/jsonFilesForCivility/TABLE_Destrieux_SubCorticals_BrainStem.json,/work/maria5/EBDS_CIVILITY/LongitudinalConnectome_PostRegError/PreCIVILITY/Conte/1Yr/A42/T2QCPoor/neo-0468-1-1year/Input_Civility_DWISpace/stx_neo-0468-1-1year_T1_CombinedSurface_white_Destrieux_WithSubcorticals.vtk,Destrieux,TRUE,FALSE,"""-P 1000 --steplength=0.75 --sampvox=0.5""",,"""--mem=50g"""
neo-0471-1-1year_DestFinal,/work/maria5/EBDS_CIVILITY/LongitudinalConnectome_PostRegError/PreCIVILITY/Conte/1Yr/A42/T2QCFair/neo-0471-1-1year/Input_Civility_DWISpace/neo-0471-1-1year_42_DWI_QCed_VC_1mm.nrrd,/work/maria5/EBDS_CIVILITY/LongitudinalConnectome_PostRegError/PreCIVILITY/Conte/1Yr/A42/T2QCFair/neo-0471-1-1year/T1ToDWISpace/00_QC_Visualization/neo-0471-1-1year_T1_SkullStripped_scaled_DWISpace.nrrd,/work/maria5/EBDS_CIVILITY/LongitudinalConnectome_PostRegError/PreCIVILITY/Conte/1Yr/A42/T2QCFair/neo-0471-1-1year/Input_Civility_DWISpace/neo-0471-1-1year_Original_DWI_BrainMask_1mm.nrrd,/work/maria5/EBDS_CIVILITY/LongitudinalConnectome_PostRegError/jsonFilesForCivility/TABLE_Destrieux_SubCorticals_BrainStem.json,/work/maria5/EBDS_CIVILITY/LongitudinalConnectome_PostRegError/PreCIVILITY/Conte/1Yr/A42/T2QCFair/neo-0471-1-1year/Input_Civility_DWISpace/stx_neo-0471-1-1year_T1_CombinedSurface_white_Destrieux_WithSubcorticals.vtk,Destrieux,TRUE,FALSE,"""-P 1000 --steplength=0.75 --sampvox=0.5""",,"""--mem=50g"""
neo-0473-1-1year_DestFinal,/work/maria5/EBDS_CIVILITY/LongitudinalConnectome_PostRegError/PreCIVILITY/Conte/1Yr/A42/T2QCFair/neo-0473-1-1year/Input_Civility_DWISpace/neo-0473-1-1year_42_DWI_QCed_VC_1mm.nrrd,/work/maria5/EBDS_CIVILITY/LongitudinalConnectome_PostRegError/PreCIVILITY/Conte/1Yr/A42/T2QCFair/neo-0473-1-1year/T1ToDWISpace/00_QC_Visualization/neo-0473-1-1year_T1_SkullStripped_scaled_DWISpace.nrrd,/work/maria5/EBDS_CIVILITY/LongitudinalConnectome_PostRegError/PreCIVILITY/Conte/1Yr/A42/T2QCFair/neo-0473-1-1year/Input_Civility_DWISpace/neo-0473-1-1year_Original_DWI_BrainMask_1mm.nrrd,/work/maria5/EBDS_CIVILITY/LongitudinalConnectome_PostRegError/jsonFilesForCivility/TABLE_Destrieux_SubCorticals_BrainStem.json,/work/maria5/EBDS_CIVILITY/LongitudinalConnectome_PostRegError/PreCIVILITY/Conte/1Yr/A42/T2QCFair/neo-0473-1-1year/Input_Civility_DWISpace/stx_neo-0473-1-1year_T1_CombinedSurface_white_Destrieux_WithSubcorticals.vtk,Destrieux,TRUE,FALSE,"""-P 1000 --steplength=0.75 --sampvox=0.5""",,"""--mem=50g"""
neo-0479-1-1year_DestFinal,/work/maria5/EBDS_CIVILITY/LongitudinalConnectome_PostRegError/PreCIVILITY/Conte/1Yr/A42/T2QCPoor/neo-0479-1-1year/Input_Civility_DWISpace/neo-0479-1-1year_42_DWI_QCed_VC_1mm.nrrd,/work/maria5/EBDS_CIVILITY/LongitudinalConnectome_PostRegError/PreCIVILITY/Conte/1Yr/A42/T2QCPoor/neo-0479-1-1year/T1ToDWISpace/00_QC_Visualization/neo-0479-1-1year_T1_SkullStripped_scaled_DWISpace.nrrd,/work/maria5/EBDS_CIVILITY/LongitudinalConnectome_PostRegError/PreCIVILITY/Conte/1Yr/A42/T2QCPoor/neo-0479-1-1year/Input_Civility_DWISpace/neo-0479-1-1year_Original_DWI_BrainMask_1mm.nrrd,/work/maria5/EBDS_CIVILITY/LongitudinalConnectome_PostRegError/jsonFilesForCivility/TABLE_Destrieux_SubCorticals_BrainStem.json,/work/maria5/EBDS_CIVILITY/LongitudinalConnectome_PostRegError/PreCIVILITY/Conte/1Yr/A42/T2QCPoor/neo-0479-1-1year/Input_Civility_DWISpace/stx_neo-0479-1-1year_T1_CombinedSurface_white_Destrieux_WithSubcorticals.vtk,Destrieux,TRUE,FALSE,"""-P 1000 --steplength=0.75 --sampvox=0.5""",,"""--mem=50g"""
neo-0480-1-1year_DestFinal,/work/maria5/EBDS_CIVILITY/LongitudinalConnectome_PostRegError/PreCIVILITY/Conte/1Yr/T42/T2QCGood/neo-0480-1-1year/Input_Civility_DWISpace/neo-0480-1-1year_42_DWI_QCed_VC_1mm.nrrd,/work/maria5/EBDS_CIVILITY/LongitudinalConnectome_PostRegError/PreCIVILITY/Conte/1Yr/T42/T2QCGood/neo-0480-1-1year/T1ToDWISpace/00_QC_Visualization/neo-0480-1-1year_T1_SkullStripped_scaled_DWISpace.nrrd,/work/maria5/EBDS_CIVILITY/LongitudinalConnectome_PostRegError/PreCIVILITY/Conte/1Yr/T42/T2QCGood/neo-0480-1-1year/Input_Civility_DWISpace/neo-0480-1-1year_Original_DWI_BrainMask_1mm.nrrd,/work/maria5/EBDS_CIVILITY/LongitudinalConnectome_PostRegError/jsonFilesForCivility/TABLE_Destrieux_SubCorticals_BrainStem.json,/work/maria5/EBDS_CIVILITY/LongitudinalConnectome_PostRegError/PreCIVILITY/Conte/1Yr/T42/T2QCGood/neo-0480-1-1year/Input_Civility_DWISpace/stx_neo-0480-1-1year_T1_CombinedSurface_white_Destrieux_WithSubcorticals.vtk,Destrieux,TRUE,FALSE,"""-P 1000 --steplength=0.75 --sampvox=0.5""",,"""--mem=50g"""
neo-0481-1-1year_DestFinal,/work/maria5/EBDS_CIVILITY/LongitudinalConnectome_PostRegError/PreCIVILITY/Conte/1Yr/T42/T2QCGood/neo-0481-1-1year/Input_Civility_DWISpace/neo-0481-1-1year_42_DWI_QCed_VC_1mm.nrrd,/work/maria5/EBDS_CIVILITY/LongitudinalConnectome_PostRegError/PreCIVILITY/Conte/1Yr/T42/T2QCGood/neo-0481-1-1year/T1ToDWISpace/00_QC_Visualization/neo-0481-1-1year_T1_SkullStripped_scaled_DWISpace.nrrd,/work/maria5/EBDS_CIVILITY/LongitudinalConnectome_PostRegError/PreCIVILITY/Conte/1Yr/T42/T2QCGood/neo-0481-1-1year/Input_Civility_DWISpace/neo-0481-1-1year_Original_DWI_BrainMask_1mm.nrrd,/work/maria5/EBDS_CIVILITY/LongitudinalConnectome_PostRegError/jsonFilesForCivility/TABLE_Destrieux_SubCorticals_BrainStem.json,/work/maria5/EBDS_CIVILITY/LongitudinalConnectome_PostRegError/PreCIVILITY/Conte/1Yr/T42/T2QCGood/neo-0481-1-1year/Input_Civility_DWISpace/stx_neo-0481-1-1year_T1_CombinedSurface_white_Destrieux_WithSubcorticals.vtk,Destrieux,TRUE,FALSE,"""-P 1000 --steplength=0.75 --sampvox=0.5""",,"""--mem=50g"""
neo-0492-1-1year_DestFinal,/work/maria5/EBDS_CIVILITY/LongitudinalConnectome_PostRegError/PreCIVILITY/Conte/1Yr/A42/T2QCFair/neo-0492-1-1year/Input_Civility_DWISpace/neo-0492-1-1year_42_DWI_QCed_VC_1mm.nrrd,/work/maria5/EBDS_CIVILITY/LongitudinalConnectome_PostRegError/PreCIVILITY/Conte/1Yr/A42/T2QCFair/neo-0492-1-1year/T1ToDWISpace/00_QC_Visualization/neo-0492-1-1year_T1_SkullStripped_scaled_DWISpace.nrrd,/work/maria5/EBDS_CIVILITY/LongitudinalConnectome_PostRegError/PreCIVILITY/Conte/1Yr/A42/T2QCFair/neo-0492-1-1year/Input_Civility_DWISpace/neo-0492-1-1year_Original_DWI_BrainMask_1mm.nrrd,/work/maria5/EBDS_CIVILITY/LongitudinalConnectome_PostRegError/jsonFilesForCivility/TABLE_Destrieux_SubCorticals_BrainStem.json,/work/maria5/EBDS_CIVILITY/LongitudinalConnectome_PostRegError/PreCIVILITY/Conte/1Yr/A42/T2QCFair/neo-0492-1-1year/Input_Civility_DWISpace/stx_neo-0492-1-1year_T1_CombinedSurface_white_Destrieux_WithSubcorticals.vtk,Destrieux,TRUE,FALSE,"""-P 1000 --steplength=0.75 --sampvox=0.5""",,"""--mem=50g"""
neo-0495-1-1year_DestFinal,/work/maria5/EBDS_CIVILITY/LongitudinalConnectome_PostRegError/PreCIVILITY/Conte/1Yr/T42/T2QCGood/neo-0495-1-1year/Input_Civility_DWISpace/neo-0495-1-1year_42_DWI_QCed_VC_1mm.nrrd,/work/maria5/EBDS_CIVILITY/LongitudinalConnectome_PostRegError/PreCIVILITY/Conte/1Yr/T42/T2QCGood/neo-0495-1-1year/T1ToDWISpace/00_QC_Visualization/neo-0495-1-1year_T1_SkullStripped_scaled_DWISpace.nrrd,/work/maria5/EBDS_CIVILITY/LongitudinalConnectome_PostRegError/PreCIVILITY/Conte/1Yr/T42/T2QCGood/neo-0495-1-1year/Input_Civility_DWISpace/neo-0495-1-1year_Original_DWI_BrainMask_1mm.nrrd,/work/maria5/EBDS_CIVILITY/LongitudinalConnectome_PostRegError/jsonFilesForCivility/TABLE_Destrieux_SubCorticals_BrainStem.json,/work/maria5/EBDS_CIVILITY/LongitudinalConnectome_PostRegError/PreCIVILITY/Conte/1Yr/T42/T2QCGood/neo-0495-1-1year/Input_Civility_DWISpace/stx_neo-0495-1-1year_T1_CombinedSurface_white_Destrieux_WithSubcorticals.vtk,Destrieux,TRUE,FALSE,"""-P 1000 --steplength=0.75 --sampvox=0.5""",,"""--mem=50g"""
neo-0523-2-1-1year_DestFinal,/work/maria5/EBDS_CIVILITY/LongitudinalConnectome_PostRegError/PreCIVILITY/Conte/1Yr/MissingDWIs/MissingDWIs/neo-0523-2-1-1year/Input_Civility_DWISpace/neo-0523-2-1-1year_42_DWI_QCed_VC_1mm.nrrd,/work/maria5/EBDS_CIVILITY/LongitudinalConnectome_PostRegError/PreCIVILITY/Conte/1Yr/MissingDWIs/MissingDWIs/neo-0523-2-1-1year/T1ToDWISpace/00_QC_Visualization/neo-0523-2-1-1year_T1_SkullStripped_scaled_DWISpace.nrrd,/work/maria5/EBDS_CIVILITY/LongitudinalConnectome_PostRegError/PreCIVILITY/Conte/1Yr/MissingDWIs/MissingDWIs/neo-0523-2-1-1year/Input_Civility_DWISpace/neo-0523-2-1-1year_Original_DWI_BrainMask_1mm.nrrd,/work/maria5/EBDS_CIVILITY/LongitudinalConnectome_PostRegError/jsonFilesForCivility/TABLE_Destrieux_SubCorticals_BrainStem.json,/work/maria5/EBDS_CIVILITY/LongitudinalConnectome_PostRegError/PreCIVILITY/Conte/1Yr/MissingDWIs/MissingDWIs/neo-0523-2-1-1year/Input_Civility_DWISpace/stx_neo-0523-2-1-1year_T1_CombinedSurface_white_Destrieux_WithSubcorticals.vtk,Destrieux,TRUE,FALSE,"""-P 1000 --steplength=0.75 --sampvox=0.5""",,"""--mem=50g"""
neo-0588-1-1-1year_DestFinal,/work/maria5/EBDS_CIVILITY/LongitudinalConnectome_PostRegError/PreCIVILITY/Conte/1Yr/MissingDWIs/MissingDWIs/neo-0588-1-1-1year/Input_Civility_DWISpace/neo-0588-1-1-1year_42_DWI_QCed_VC_1mm.nrrd,/work/maria5/EBDS_CIVILITY/LongitudinalConnectome_PostRegError/PreCIVILITY/Conte/1Yr/MissingDWIs/MissingDWIs/neo-0588-1-1-1year/T1ToDWISpace/00_QC_Visualization/neo-0588-1-1-1year_T1_SkullStripped_scaled_DWISpace.nrrd,/work/maria5/EBDS_CIVILITY/LongitudinalConnectome_PostRegError/PreCIVILITY/Conte/1Yr/MissingDWIs/MissingDWIs/neo-0588-1-1-1year/Input_Civility_DWISpace/neo-0588-1-1-1year_Original_DWI_BrainMask_1mm.nrrd,/work/maria5/EBDS_CIVILITY/LongitudinalConnectome_PostRegError/jsonFilesForCivility/TABLE_Destrieux_SubCorticals_BrainStem.json,/work/maria5/EBDS_CIVILITY/LongitudinalConnectome_PostRegError/PreCIVILITY/Conte/1Yr/MissingDWIs/MissingDWIs/neo-0588-1-1-1year/Input_Civility_DWISpace/stx_neo-0588-1-1-1year_T1_CombinedSurface_white_Destrieux_WithSubcorticals.vtk,Destrieux,TRUE,FALSE,"""-P 1000 --steplength=0.75 --sampvox=0.5""",,"""--mem=50g"""
neo-0590-1-1-1year_DestFinal,/work/maria5/EBDS_CIVILITY/LongitudinalConnectome_PostRegError/PreCIVILITY/Conte/1Yr/MissingDWIs/MissingDWIs/neo-0590-1-1-1year/Input_Civility_DWISpace/neo-0590-1-1-1year_42_DWI_QCed_VC_1mm.nrrd,/work/maria5/EBDS_CIVILITY/LongitudinalConnectome_PostRegError/PreCIVILITY/Conte/1Yr/MissingDWIs/MissingDWIs/neo-0590-1-1-1year/T1ToDWISpace/00_QC_Visualization/neo-0590-1-1-1year_T1_SkullStripped_scaled_DWISpace.nrrd,/work/maria5/EBDS_CIVILITY/LongitudinalConnectome_PostRegError/PreCIVILITY/Conte/1Yr/MissingDWIs/MissingDWIs/neo-0590-1-1-1year/Input_Civility_DWISpace/neo-0590-1-1-1year_Original_DWI_BrainMask_1mm.nrrd,/work/maria5/EBDS_CIVILITY/LongitudinalConnectome_PostRegError/jsonFilesForCivility/TABLE_Destrieux_SubCorticals_BrainStem.json,/work/maria5/EBDS_CIVILITY/LongitudinalConnectome_PostRegError/PreCIVILITY/Conte/1Yr/MissingDWIs/MissingDWIs/neo-0590-1-1-1year/Input_Civility_DWISpace/stx_neo-0590-1-1-1year_T1_CombinedSurface_white_Destrieux_WithSubcorticals.vtk,Destrieux,TRUE,FALSE,"""-P 1000 --steplength=0.75 --sampvox=0.5""",,"""--mem=50g"""
neo-0500-1-1year_DestFinal,/work/maria5/EBDS_CIVILITY/LongitudinalConnectome_PostRegError/PreCIVILITY/Conte/1Yr/T42/T2QCGood/neo-0500-1-1year/Input_Civility_DWISpace/neo-0500-1-1year_42_DWI_QCed_VC_1mm.nrrd,/work/maria5/EBDS_CIVILITY/LongitudinalConnectome_PostRegError/PreCIVILITY/Conte/1Yr/T42/T2QCGood/neo-0500-1-1year/T1ToDWISpace/00_QC_Visualization/neo-0500-1-1year_T1_SkullStripped_scaled_DWISpace.nrrd,/work/maria5/EBDS_CIVILITY/LongitudinalConnectome_PostRegError/PreCIVILITY/Conte/1Yr/T42/T2QCGood/neo-0500-1-1year/Input_Civility_DWISpace/neo-0500-1-1year_Original_DWI_BrainMask_1mm.nrrd,/work/maria5/EBDS_CIVILITY/LongitudinalConnectome_PostRegError/jsonFilesForCivility/TABLE_Destrieux_SubCorticals_BrainStem.json,/work/maria5/EBDS_CIVILITY/LongitudinalConnectome_PostRegError/PreCIVILITY/Conte/1Yr/T42/T2QCGood/neo-0500-1-1year/Input_Civility_DWISpace/stx_neo-0500-1-1year_T1_CombinedSurface_white_Destrieux_WithSubcorticals.vtk,Destrieux,TRUE,FALSE,"""-P 1000 --steplength=0.75 --sampvox=0.5""",,"""--mem=50g"""
neo-0501-1-1year_DestFinal,/work/maria5/EBDS_CIVILITY/LongitudinalConnectome_PostRegError/PreCIVILITY/Conte/1Yr/T42/T2QCGood/neo-0501-1-1year/Input_Civility_DWISpace/neo-0501-1-1year_42_DWI_QCed_VC_1mm.nrrd,/work/maria5/EBDS_CIVILITY/LongitudinalConnectome_PostRegError/PreCIVILITY/Conte/1Yr/T42/T2QCGood/neo-0501-1-1year/T1ToDWISpace/00_QC_Visualization/neo-0501-1-1year_T1_SkullStripped_scaled_DWISpace.nrrd,/work/maria5/EBDS_CIVILITY/LongitudinalConnectome_PostRegError/PreCIVILITY/Conte/1Yr/T42/T2QCGood/neo-0501-1-1year/Input_Civility_DWISpace/neo-0501-1-1year_Original_DWI_BrainMask_1mm.nrrd,/work/maria5/EBDS_CIVILITY/LongitudinalConnectome_PostRegError/jsonFilesForCivility/TABLE_Destrieux_SubCorticals_BrainStem.json,/work/maria5/EBDS_CIVILITY/LongitudinalConnectome_PostRegError/PreCIVILITY/Conte/1Yr/T42/T2QCGood/neo-0501-1-1year/Input_Civility_DWISpace/stx_neo-0501-1-1year_T1_CombinedSurface_white_Destrieux_WithSubcorticals.vtk,Destrieux,TRUE,FALSE,"""-P 1000 --steplength=0.75 --sampvox=0.5""",,"""--mem=50g"""
neo-0508-1-1year_DestFinal,/work/maria5/EBDS_CIVILITY/LongitudinalConnectome_PostRegError/PreCIVILITY/Conte/1Yr/T42/T2QCGood/neo-0508-1-1year/Input_Civility_DWISpace/neo-0508-1-1year_42_DWI_QCed_VC_1mm.nrrd,/work/maria5/EBDS_CIVILITY/LongitudinalConnectome_PostRegError/PreCIVILITY/Conte/1Yr/T42/T2QCGood/neo-0508-1-1year/T1ToDWISpace/00_QC_Visualization/neo-0508-1-1year_T1_SkullStripped_scaled_DWISpace.nrrd,/work/maria5/EBDS_CIVILITY/LongitudinalConnectome_PostRegError/PreCIVILITY/Conte/1Yr/T42/T2QCGood/neo-0508-1-1year/Input_Civility_DWISpace/neo-0508-1-1year_Original_DWI_BrainMask_1mm.nrrd,/work/maria5/EBDS_CIVILITY/LongitudinalConnectome_PostRegError/jsonFilesForCivility/TABLE_Destrieux_SubCorticals_BrainStem.json,/work/maria5/EBDS_CIVILITY/LongitudinalConnectome_PostRegError/PreCIVILITY/Conte/1Yr/T42/T2QCGood/neo-0508-1-1year/Input_Civility_DWISpace/stx_neo-0508-1-1year_T1_CombinedSurface_white_Destrieux_WithSubcorticals.vtk,Destrieux,TRUE,FALSE,"""-P 1000 --steplength=0.75 --sampvox=0.5""",,"""--mem=50g"""
neo-0510-1-1year_DestFinal,/work/maria5/EBDS_CIVILITY/LongitudinalConnectome_PostRegError/PreCIVILITY/Conte/1Yr/T42/T2QCPoor/neo-0510-1-1year/Input_Civility_DWISpace/neo-0510-1-1year_42_DWI_QCed_VC_1mm.nrrd,/work/maria5/EBDS_CIVILITY/LongitudinalConnectome_PostRegError/PreCIVILITY/Conte/1Yr/T42/T2QCPoor/neo-0510-1-1year/T1ToDWISpace/00_QC_Visualization/neo-0510-1-1year_T1_SkullStripped_scaled_DWISpace.nrrd,/work/maria5/EBDS_CIVILITY/LongitudinalConnectome_PostRegError/PreCIVILITY/Conte/1Yr/T42/T2QCPoor/neo-0510-1-1year/Input_Civility_DWISpace/neo-0510-1-1year_Original_DWI_BrainMask_1mm.nrrd,/work/maria5/EBDS_CIVILITY/LongitudinalConnectome_PostRegError/jsonFilesForCivility/TABLE_Destrieux_SubCorticals_BrainStem.json,/work/maria5/EBDS_CIVILITY/LongitudinalConnectome_PostRegError/PreCIVILITY/Conte/1Yr/T42/T2QCPoor/neo-0510-1-1year/Input_Civility_DWISpace/stx_neo-0510-1-1year_T1_CombinedSurface_white_Destrieux_WithSubcorticals.vtk,Destrieux,TRUE,FALSE,"""-P 1000 --steplength=0.75 --sampvox=0.5""",,"""--mem=50g"""
neo-0518-1-1year_DestFinal,/work/maria5/EBDS_CIVILITY/LongitudinalConnectome_PostRegError/PreCIVILITY/Conte/1Yr/A42/T2QCPoor/neo-0518-1-1year/Input_Civility_DWISpace/neo-0518-1-1year_42_DWI_QCed_VC_1mm.nrrd,/work/maria5/EBDS_CIVILITY/LongitudinalConnectome_PostRegError/PreCIVILITY/Conte/1Yr/A42/T2QCPoor/neo-0518-1-1year/T1ToDWISpace/00_QC_Visualization/neo-0518-1-1year_T1_SkullStripped_scaled_DWISpace.nrrd,/work/maria5/EBDS_CIVILITY/LongitudinalConnectome_PostRegError/PreCIVILITY/Conte/1Yr/A42/T2QCPoor/neo-0518-1-1year/Input_Civility_DWISpace/neo-0518-1-1year_Original_DWI_BrainMask_1mm.nrrd,/work/maria5/EBDS_CIVILITY/LongitudinalConnectome_PostRegError/jsonFilesForCivility/TABLE_Destrieux_SubCorticals_BrainStem.json,/work/maria5/EBDS_CIVILITY/LongitudinalConnectome_PostRegError/PreCIVILITY/Conte/1Yr/A42/T2QCPoor/neo-0518-1-1year/Input_Civility_DWISpace/stx_neo-0518-1-1year_T1_CombinedSurface_white_Destrieux_WithSubcorticals.vtk,Destrieux,TRUE,FALSE,"""-P 1000 --steplength=0.75 --sampvox=0.5""",,"""--mem=50g"""
neo-0522-1-1year_DestFinal,/work/maria5/EBDS_CIVILITY/LongitudinalConnectome_PostRegError/PreCIVILITY/Conte/1Yr/T42/T2QCGood/neo-0522-1-1year/Input_Civility_DWISpace/neo-0522-1-1year_42_DWI_QCed_VC_1mm.nrrd,/work/maria5/EBDS_CIVILITY/LongitudinalConnectome_PostRegError/PreCIVILITY/Conte/1Yr/T42/T2QCGood/neo-0522-1-1year/T1ToDWISpace/00_QC_Visualization/neo-0522-1-1year_T1_SkullStripped_scaled_DWISpace.nrrd,/work/maria5/EBDS_CIVILITY/LongitudinalConnectome_PostRegError/PreCIVILITY/Conte/1Yr/T42/T2QCGood/neo-0522-1-1year/Input_Civility_DWISpace/neo-0522-1-1year_Original_DWI_BrainMask_1mm.nrrd,/work/maria5/EBDS_CIVILITY/LongitudinalConnectome_PostRegError/jsonFilesForCivility/TABLE_Destrieux_SubCorticals_BrainStem.json,/work/maria5/EBDS_CIVILITY/LongitudinalConnectome_PostRegError/PreCIVILITY/Conte/1Yr/T42/T2QCGood/neo-0522-1-1year/Input_Civility_DWISpace/stx_neo-0522-1-1year_T1_CombinedSurface_white_Destrieux_WithSubcorticals.vtk,Destrieux,TRUE,FALSE,"""-P 1000 --steplength=0.75 --sampvox=0.5""",,
neo-0524-1-1year_DestFinal,/work/maria5/EBDS_CIVILITY/LongitudinalConnectome_PostRegError/PreCIVILITY/Conte/1Yr/T42/T2QCGood/neo-0524-1-1year/Input_Civility_DWISpace/neo-0524-1-1year_42_DWI_QCed_VC_1mm.nrrd,/work/maria5/EBDS_CIVILITY/LongitudinalConnectome_PostRegError/PreCIVILITY/Conte/1Yr/T42/T2QCGood/neo-0524-1-1year/T1ToDWISpace/00_QC_Visualization/neo-0524-1-1year_T1_SkullStripped_scaled_DWISpace.nrrd,/work/maria5/EBDS_CIVILITY/LongitudinalConnectome_PostRegError/PreCIVILITY/Conte/1Yr/T42/T2QCGood/neo-0524-1-1year/Input_Civility_DWISpace/neo-0524-1-1year_Original_DWI_BrainMask_1mm.nrrd,/work/maria5/EBDS_CIVILITY/LongitudinalConnectome_PostRegError/jsonFilesForCivility/TABLE_Destrieux_SubCorticals_BrainStem.json,/work/maria5/EBDS_CIVILITY/LongitudinalConnectome_PostRegError/PreCIVILITY/Conte/1Yr/T42/T2QCGood/neo-0524-1-1year/Input_Civility_DWISpace/stx_neo-0524-1-1year_T1_CombinedSurface_white_Destrieux_WithSubcorticals.vtk,Destrieux,TRUE,FALSE,"""-P 1000 --steplength=0.75 --sampvox=0.5""",,
neo-0528-1-1year_DestFinal,/work/maria5/EBDS_CIVILITY/LongitudinalConnectome_PostRegError/PreCIVILITY/Conte/1Yr/T42/T2QCPoor/neo-0528-1-1year/Input_Civility_DWISpace/neo-0528-1-1year_42_DWI_QCed_VC_1mm.nrrd,/work/maria5/EBDS_CIVILITY/LongitudinalConnectome_PostRegError/PreCIVILITY/Conte/1Yr/T42/T2QCPoor/neo-0528-1-1year/T1ToDWISpace/00_QC_Visualization/neo-0528-1-1year_T1_SkullStripped_scaled_DWISpace.nrrd,/work/maria5/EBDS_CIVILITY/LongitudinalConnectome_PostRegError/PreCIVILITY/Conte/1Yr/T42/T2QCPoor/neo-0528-1-1year/Input_Civility_DWISpace/neo-0528-1-1year_Original_DWI_BrainMask_1mm.nrrd,/work/maria5/EBDS_CIVILITY/LongitudinalConnectome_PostRegError/jsonFilesForCivility/TABLE_Destrieux_SubCorticals_BrainStem.json,/work/maria5/EBDS_CIVILITY/LongitudinalConnectome_PostRegError/PreCIVILITY/Conte/1Yr/T42/T2QCPoor/neo-0528-1-1year/Input_Civility_DWISpace/stx_neo-0528-1-1year_T1_CombinedSurface_white_Destrieux_WithSubcorticals.vtk,Destrieux,TRUE,FALSE,"""-P 1000 --steplength=0.75 --sampvox=0.5""",,
neo-0533-1-1year_DestFinal,/work/maria5/EBDS_CIVILITY/LongitudinalConnectome_PostRegError/PreCIVILITY/Conte/1Yr/T42/T2QCGood/neo-0533-1-1year/Input_Civility_DWISpace/neo-0533-1-1year_42_DWI_QCed_VC_1mm.nrrd,/work/maria5/EBDS_CIVILITY/LongitudinalConnectome_PostRegError/PreCIVILITY/Conte/1Yr/T42/T2QCGood/neo-0533-1-1year/T1ToDWISpace/00_QC_Visualization/neo-0533-1-1year_T1_SkullStripped_scaled_DWISpace.nrrd,/work/maria5/EBDS_CIVILITY/LongitudinalConnectome_PostRegError/PreCIVILITY/Conte/1Yr/T42/T2QCGood/neo-0533-1-1year/Input_Civility_DWISpace/neo-0533-1-1year_Original_DWI_BrainMask_1mm.nrrd,/work/maria5/EBDS_CIVILITY/LongitudinalConnectome_PostRegError/jsonFilesForCivility/TABLE_Destrieux_SubCorticals_BrainStem.json,/work/maria5/EBDS_CIVILITY/LongitudinalConnectome_PostRegError/PreCIVILITY/Conte/1Yr/T42/T2QCGood/neo-0533-1-1year/Input_Civility_DWISpace/stx_neo-0533-1-1year_T1_CombinedSurface_white_Destrieux_WithSubcorticals.vtk,Destrieux,TRUE,FALSE,"""-P 1000 --steplength=0.75 --sampvox=0.5""",,
neo-0534-1-1year_DestFinal,/work/maria5/EBDS_CIVILITY/LongitudinalConnectome_PostRegError/PreCIVILITY/Conte/1Yr/T42/T2QCFair/neo-0534-1-1year/Input_Civility_DWISpace/neo-0534-1-1year_42_DWI_QCed_VC_1mm.nrrd,/work/maria5/EBDS_CIVILITY/LongitudinalConnectome_PostRegError/PreCIVILITY/Conte/1Yr/T42/T2QCFair/neo-0534-1-1year/T1ToDWISpace/00_QC_Visualization/neo-0534-1-1year_T1_SkullStripped_scaled_DWISpace.nrrd,/work/maria5/EBDS_CIVILITY/LongitudinalConnectome_PostRegError/PreCIVILITY/Conte/1Yr/T42/T2QCFair/neo-0534-1-1year/Input_Civility_DWISpace/neo-0534-1-1year_Original_DWI_BrainMask_1mm.nrrd,/work/maria5/EBDS_CIVILITY/LongitudinalConnectome_PostRegError/jsonFilesForCivility/TABLE_Destrieux_SubCorticals_BrainStem.json,/work/maria5/EBDS_CIVILITY/LongitudinalConnectome_PostRegError/PreCIVILITY/Conte/1Yr/T42/T2QCFair/neo-0534-1-1year/Input_Civility_DWISpace/stx_neo-0534-1-1year_T1_CombinedSurface_white_Destrieux_WithSubcorticals.vtk,Destrieux,TRUE,FALSE,"""-P 1000 --steplength=0.75 --sampvox=0.5""",,
neo-0537-1-1year_DestFinal,/work/maria5/EBDS_CIVILITY/LongitudinalConnectome_PostRegError/PreCIVILITY/Conte/1Yr/T42/T2QCGood/neo-0537-1-1year/Input_Civility_DWISpace/neo-0537-1-1year_42_DWI_QCed_VC_1mm.nrrd,/work/maria5/EBDS_CIVILITY/LongitudinalConnectome_PostRegError/PreCIVILITY/Conte/1Yr/T42/T2QCGood/neo-0537-1-1year/T1ToDWISpace/00_QC_Visualization/neo-0537-1-1year_T1_SkullStripped_scaled_DWISpace.nrrd,/work/maria5/EBDS_CIVILITY/LongitudinalConnectome_PostRegError/PreCIVILITY/Conte/1Yr/T42/T2QCGood/neo-0537-1-1year/Input_Civility_DWISpace/neo-0537-1-1year_Original_DWI_BrainMask_1mm.nrrd,/work/maria5/EBDS_CIVILITY/LongitudinalConnectome_PostRegError/jsonFilesForCivility/TABLE_Destrieux_SubCorticals_BrainStem.json,/work/maria5/EBDS_CIVILITY/LongitudinalConnectome_PostRegError/PreCIVILITY/Conte/1Yr/T42/T2QCGood/neo-0537-1-1year/Input_Civility_DWISpace/stx_neo-0537-1-1year_T1_CombinedSurface_white_Destrieux_WithSubcorticals.vtk,Destrieux,TRUE,FALSE,"""-P 1000 --steplength=0.75 --sampvox=0.5""",,
neo-0538-1-1year_DestFinal,/work/maria5/EBDS_CIVILITY/LongitudinalConnectome_PostRegError/PreCIVILITY/Conte/1Yr/T42/T2QCFair/neo-0538-1-1year/Input_Civility_DWISpace/neo-0538-1-1year_42_DWI_QCed_VC_1mm.nrrd,/work/maria5/EBDS_CIVILITY/LongitudinalConnectome_PostRegError/PreCIVILITY/Conte/1Yr/T42/T2QCFair/neo-0538-1-1year/T1ToDWISpace/00_QC_Visualization/neo-0538-1-1year_T1_SkullStripped_scaled_DWISpace.nrrd,/work/maria5/EBDS_CIVILITY/LongitudinalConnectome_PostRegError/PreCIVILITY/Conte/1Yr/T42/T2QCFair/neo-0538-1-1year/Input_Civility_DWISpace/neo-0538-1-1year_Original_DWI_BrainMask_1mm.nrrd,/work/maria5/EBDS_CIVILITY/LongitudinalConnectome_PostRegError/jsonFilesForCivility/TABLE_Destrieux_SubCorticals_BrainStem.json,/work/maria5/EBDS_CIVILITY/LongitudinalConnectome_PostRegError/PreCIVILITY/Conte/1Yr/T42/T2QCFair/neo-0538-1-1year/Input_Civility_DWISpace/stx_neo-0538-1-1year_T1_CombinedSurface_white_Destrieux_WithSubcorticals.vtk,Destrieux,TRUE,FALSE,"""-P 1000 --steplength=0.75 --sampvox=0.5""",,
neo-0539-1-1year_DestFinal,/work/maria5/EBDS_CIVILITY/LongitudinalConnectome_PostRegError/PreCIVILITY/Conte/1Yr/T42/T2QCGood/neo-0539-1-1year/Input_Civility_DWISpace/neo-0539-1-1year_42_DWI_QCed_VC_1mm.nrrd,/work/maria5/EBDS_CIVILITY/LongitudinalConnectome_PostRegError/PreCIVILITY/Conte/1Yr/T42/T2QCGood/neo-0539-1-1year/T1ToDWISpace/00_QC_Visualization/neo-0539-1-1year_T1_SkullStripped_scaled_DWISpace.nrrd,/work/maria5/EBDS_CIVILITY/LongitudinalConnectome_PostRegError/PreCIVILITY/Conte/1Yr/T42/T2QCGood/neo-0539-1-1year/Input_Civility_DWISpace/neo-0539-1-1year_Original_DWI_BrainMask_1mm.nrrd,/work/maria5/EBDS_CIVILITY/LongitudinalConnectome_PostRegError/jsonFilesForCivility/TABLE_Destrieux_SubCorticals_BrainStem.json,/work/maria5/EBDS_CIVILITY/LongitudinalConnectome_PostRegError/PreCIVILITY/Conte/1Yr/T42/T2QCGood/neo-0539-1-1year/Input_Civility_DWISpace/stx_neo-0539-1-1year_T1_CombinedSurface_white_Destrieux_WithSubcorticals.vtk,Destrieux,TRUE,FALSE,"""-P 1000 --steplength=0.75 --sampvox=0.5""",,
neo-0544-1-1year_DestFinal,/work/maria5/EBDS_CIVILITY/LongitudinalConnectome_PostRegError/PreCIVILITY/Conte/1Yr/T42/T2QCPoor/neo-0544-1-1year/Input_Civility_DWISpace/neo-0544-1-1year_42_DWI_QCed_VC_1mm.nrrd,/work/maria5/EBDS_CIVILITY/LongitudinalConnectome_PostRegError/PreCIVILITY/Conte/1Yr/T42/T2QCPoor/neo-0544-1-1year/T1ToDWISpace/00_QC_Visualization/neo-0544-1-1year_T1_SkullStripped_scaled_DWISpace.nrrd,/work/maria5/EBDS_CIVILITY/LongitudinalConnectome_PostRegError/PreCIVILITY/Conte/1Yr/T42/T2QCPoor/neo-0544-1-1year/Input_Civility_DWISpace/neo-0544-1-1year_Original_DWI_BrainMask_1mm.nrrd,/work/maria5/EBDS_CIVILITY/LongitudinalConnectome_PostRegError/jsonFilesForCivility/TABLE_Destrieux_SubCorticals_BrainStem.json,/work/maria5/EBDS_CIVILITY/LongitudinalConnectome_PostRegError/PreCIVILITY/Conte/1Yr/T42/T2QCPoor/neo-0544-1-1year/Input_Civility_DWISpace/stx_neo-0544-1-1year_T1_CombinedSurface_white_Destrieux_WithSubcorticals.vtk,Destrieux,TRUE,FALSE,"""-P 1000 --steplength=0.75 --sampvox=0.5""",,
neo-0546-1-1year_DestFinal,/work/maria5/EBDS_CIVILITY/LongitudinalConnectome_PostRegError/PreCIVILITY/Conte/1Yr/T42/T2QCFair/neo-0546-1-1year/Input_Civility_DWISpace/neo-0546-1-1year_42_DWI_QCed_VC_1mm.nrrd,/work/maria5/EBDS_CIVILITY/LongitudinalConnectome_PostRegError/PreCIVILITY/Conte/1Yr/T42/T2QCFair/neo-0546-1-1year/T1ToDWISpace/00_QC_Visualization/neo-0546-1-1year_T1_SkullStripped_scaled_DWISpace.nrrd,/work/maria5/EBDS_CIVILITY/LongitudinalConnectome_PostRegError/PreCIVILITY/Conte/1Yr/T42/T2QCFair/neo-0546-1-1year/Input_Civility_DWISpace/neo-0546-1-1year_Original_DWI_BrainMask_1mm.nrrd,/work/maria5/EBDS_CIVILITY/LongitudinalConnectome_PostRegError/jsonFilesForCivility/TABLE_Destrieux_SubCorticals_BrainStem.json,/work/maria5/EBDS_CIVILITY/LongitudinalConnectome_PostRegError/PreCIVILITY/Conte/1Yr/T42/T2QCFair/neo-0546-1-1year/Input_Civility_DWISpace/stx_neo-0546-1-1year_T1_CombinedSurface_white_Destrieux_WithSubcorticals.vtk,Destrieux,TRUE,FALSE,"""-P 1000 --steplength=0.75 --sampvox=0.5""",,
neo-0549-1-1year_DestFinal,/work/maria5/EBDS_CIVILITY/LongitudinalConnectome_PostRegError/PreCIVILITY/Conte/1Yr/T42/T2QCGood/neo-0549-1-1year/Input_Civility_DWISpace/neo-0549-1-1year_42_DWI_QCed_VC_1mm.nrrd,/work/maria5/EBDS_CIVILITY/LongitudinalConnectome_PostRegError/PreCIVILITY/Conte/1Yr/T42/T2QCGood/neo-0549-1-1year/T1ToDWISpace/00_QC_Visualization/neo-0549-1-1year_T1_SkullStripped_scaled_DWISpace.nrrd,/work/maria5/EBDS_CIVILITY/LongitudinalConnectome_PostRegError/PreCIVILITY/Conte/1Yr/T42/T2QCGood/neo-0549-1-1year/Input_Civility_DWISpace/neo-0549-1-1year_Original_DWI_BrainMask_1mm.nrrd,/work/maria5/EBDS_CIVILITY/LongitudinalConnectome_PostRegError/jsonFilesForCivility/TABLE_Destrieux_SubCorticals_BrainStem.json,/work/maria5/EBDS_CIVILITY/LongitudinalConnectome_PostRegError/PreCIVILITY/Conte/1Yr/T42/T2QCGood/neo-0549-1-1year/Input_Civility_DWISpace/stx_neo-0549-1-1year_T1_CombinedSurface_white_Destrieux_WithSubcorticals.vtk,Destrieux,TRUE,FALSE,"""-P 1000 --steplength=0.75 --sampvox=0.5""",,
neo-0554-1-1year_DestFinal,/work/maria5/EBDS_CIVILITY/LongitudinalConnectome_PostRegError/PreCIVILITY/Conte/1Yr/T42/T2QCFair/neo-0554-1-1year/Input_Civility_DWISpace/neo-0554-1-1year_42_DWI_QCed_VC_1mm.nrrd,/work/maria5/EBDS_CIVILITY/LongitudinalConnectome_PostRegError/PreCIVILITY/Conte/1Yr/T42/T2QCFair/neo-0554-1-1year/T1ToDWISpace/00_QC_Visualization/neo-0554-1-1year_T1_SkullStripped_scaled_DWISpace.nrrd,/work/maria5/EBDS_CIVILITY/LongitudinalConnectome_PostRegError/PreCIVILITY/Conte/1Yr/T42/T2QCFair/neo-0554-1-1year/Input_Civility_DWISpace/neo-0554-1-1year_Original_DWI_BrainMask_1mm.nrrd,/work/maria5/EBDS_CIVILITY/LongitudinalConnectome_PostRegError/jsonFilesForCivility/TABLE_Destrieux_SubCorticals_BrainStem.json,/work/maria5/EBDS_CIVILITY/LongitudinalConnectome_PostRegError/PreCIVILITY/Conte/1Yr/T42/T2QCFair/neo-0554-1-1year/Input_Civility_DWISpace/stx_neo-0554-1-1year_T1_CombinedSurface_white_Destrieux_WithSubcorticals.vtk,Destrieux,TRUE,FALSE,"""-P 1000 --steplength=0.75 --sampvox=0.5""",,
neo-0560-1-1year_DestFinal,/work/maria5/EBDS_CIVILITY/LongitudinalConnectome_PostRegError/PreCIVILITY/Conte/1Yr/T42/T2QCGood/neo-0560-1-1year/Input_Civility_DWISpace/neo-0560-1-1year_42_DWI_QCed_VC_1mm.nrrd,/work/maria5/EBDS_CIVILITY/LongitudinalConnectome_PostRegError/PreCIVILITY/Conte/1Yr/T42/T2QCGood/neo-0560-1-1year/T1ToDWISpace/00_QC_Visualization/neo-0560-1-1year_T1_SkullStripped_scaled_DWISpace.nrrd,/work/maria5/EBDS_CIVILITY/LongitudinalConnectome_PostRegError/PreCIVILITY/Conte/1Yr/T42/T2QCGood/neo-0560-1-1year/Input_Civility_DWISpace/neo-0560-1-1year_Original_DWI_BrainMask_1mm.nrrd,/work/maria5/EBDS_CIVILITY/LongitudinalConnectome_PostRegError/jsonFilesForCivility/TABLE_Destrieux_SubCorticals_BrainStem.json,/work/maria5/EBDS_CIVILITY/LongitudinalConnectome_PostRegError/PreCIVILITY/Conte/1Yr/T42/T2QCGood/neo-0560-1-1year/Input_Civility_DWISpace/stx_neo-0560-1-1year_T1_CombinedSurface_white_Destrieux_WithSubcorticals.vtk,Destrieux,TRUE,FALSE,"""-P 1000 --steplength=0.75 --sampvox=0.5""",,
neo-0564-1-1year_DestFinal,/work/maria5/EBDS_CIVILITY/LongitudinalConnectome_PostRegError/PreCIVILITY/Conte/1Yr/T42/T2QCGood/neo-0564-1-1year/Input_Civility_DWISpace/neo-0564-1-1year_42_DWI_QCed_VC_1mm.nrrd,/work/maria5/EBDS_CIVILITY/LongitudinalConnectome_PostRegError/PreCIVILITY/Conte/1Yr/T42/T2QCGood/neo-0564-1-1year/T1ToDWISpace/00_QC_Visualization/neo-0564-1-1year_T1_SkullStripped_scaled_DWISpace.nrrd,/work/maria5/EBDS_CIVILITY/LongitudinalConnectome_PostRegError/PreCIVILITY/Conte/1Yr/T42/T2QCGood/neo-0564-1-1year/Input_Civility_DWISpace/neo-0564-1-1year_Original_DWI_BrainMask_1mm.nrrd,/work/maria5/EBDS_CIVILITY/LongitudinalConnectome_PostRegError/jsonFilesForCivility/TABLE_Destrieux_SubCorticals_BrainStem.json,/work/maria5/EBDS_CIVILITY/LongitudinalConnectome_PostRegError/PreCIVILITY/Conte/1Yr/T42/T2QCGood/neo-0564-1-1year/Input_Civility_DWISpace/stx_neo-0564-1-1year_T1_CombinedSurface_white_Destrieux_WithSubcorticals.vtk,Destrieux,TRUE,FALSE,"""-P 1000 --steplength=0.75 --sampvox=0.5""",,
neo-0576-1-1-1year_DestFinal,/work/maria5/EBDS_CIVILITY/LongitudinalConnectome_PostRegError/PreCIVILITY/Conte/1Yr/T42/T2QCFair/neo-0576-1-1-1year/Input_Civility_DWISpace/neo-0576-1-1-1year_42_DWI_QCed_VC_1mm.nrrd,/work/maria5/EBDS_CIVILITY/LongitudinalConnectome_PostRegError/PreCIVILITY/Conte/1Yr/T42/T2QCFair/neo-0576-1-1-1year/T1ToDWISpace/00_QC_Visualization/neo-0576-1-1-1year_T1_SkullStripped_scaled_DWISpace.nrrd,/work/maria5/EBDS_CIVILITY/LongitudinalConnectome_PostRegError/PreCIVILITY/Conte/1Yr/T42/T2QCFair/neo-0576-1-1-1year/Input_Civility_DWISpace/neo-0576-1-1-1year_Original_DWI_BrainMask_1mm.nrrd,/work/maria5/EBDS_CIVILITY/LongitudinalConnectome_PostRegError/jsonFilesForCivility/TABLE_Destrieux_SubCorticals_BrainStem.json,/work/maria5/EBDS_CIVILITY/LongitudinalConnectome_PostRegError/PreCIVILITY/Conte/1Yr/T42/T2QCFair/neo-0576-1-1-1year/Input_Civility_DWISpace/stx_neo-0576-1-1-1year_T1_CombinedSurface_white_Destrieux_WithSubcorticals.vtk,Destrieux,TRUE,FALSE,"""-P 1000 --steplength=0.75 --sampvox=0.5""",,
neo-0579-1-1-1year_DestFinal,/work/maria5/EBDS_CIVILITY/LongitudinalConnectome_PostRegError/PreCIVILITY/Conte/1Yr/T42/T2QCGood/neo-0579-1-1-1year/Input_Civility_DWISpace/neo-0579-1-1-1year_42_DWI_QCed_VC_1mm.nrrd,/work/maria5/EBDS_CIVILITY/LongitudinalConnectome_PostRegError/PreCIVILITY/Conte/1Yr/T42/T2QCGood/neo-0579-1-1-1year/T1ToDWISpace/00_QC_Visualization/neo-0579-1-1-1year_T1_SkullStripped_scaled_DWISpace.nrrd,/work/maria5/EBDS_CIVILITY/LongitudinalConnectome_PostRegError/PreCIVILITY/Conte/1Yr/T42/T2QCGood/neo-0579-1-1-1year/Input_Civility_DWISpace/neo-0579-1-1-1year_Original_DWI_BrainMask_1mm.nrrd,/work/maria5/EBDS_CIVILITY/LongitudinalConnectome_PostRegError/jsonFilesForCivility/TABLE_Destrieux_SubCorticals_BrainStem.json,/work/maria5/EBDS_CIVILITY/LongitudinalConnectome_PostRegError/PreCIVILITY/Conte/1Yr/T42/T2QCGood/neo-0579-1-1-1year/Input_Civility_DWISpace/stx_neo-0579-1-1-1year_T1_CombinedSurface_white_Destrieux_WithSubcorticals.vtk,Destrieux,TRUE,FALSE,"""-P 1000 --steplength=0.75 --sampvox=0.5""",,
neo-0581-1-1-1year_DestFinal,/work/maria5/EBDS_CIVILITY/LongitudinalConnectome_PostRegError/PreCIVILITY/Conte/1Yr/T42/T2QCFair/neo-0581-1-1-1year/Input_Civility_DWISpace/neo-0581-1-1-1year_42_DWI_QCed_VC_1mm.nrrd,/work/maria5/EBDS_CIVILITY/LongitudinalConnectome_PostRegError/PreCIVILITY/Conte/1Yr/T42/T2QCFair/neo-0581-1-1-1year/T1ToDWISpace/00_QC_Visualization/neo-0581-1-1-1year_T1_SkullStripped_scaled_DWISpace.nrrd,/work/maria5/EBDS_CIVILITY/LongitudinalConnectome_PostRegError/PreCIVILITY/Conte/1Yr/T42/T2QCFair/neo-0581-1-1-1year/Input_Civility_DWISpace/neo-0581-1-1-1year_Original_DWI_BrainMask_1mm.nrrd,/work/maria5/EBDS_CIVILITY/LongitudinalConnectome_PostRegError/jsonFilesForCivility/TABLE_Destrieux_SubCorticals_BrainStem.json,/work/maria5/EBDS_CIVILITY/LongitudinalConnectome_PostRegError/PreCIVILITY/Conte/1Yr/T42/T2QCFair/neo-0581-1-1-1year/Input_Civility_DWISpace/stx_neo-0581-1-1-1year_T1_CombinedSurface_white_Destrieux_WithSubcorticals.vtk,Destrieux,TRUE,FALSE,"""-P 1000 --steplength=0.75 --sampvox=0.5""",,