name,dwi,t1,mask,table,surface,labelname,overlapping,create_tar,probtrackParam,memory
T0002-1-1-6yr_DestFinal_Resub,/work/maria5/EBDS_CIVILITY/LongitudinalConnectome_PostRegError/PreCIVILITY/Twin/6Yr/T42/T2QCPoor/T0002-1-1-6yr/Input_Civility_DWISpace/T0002-1-1-6yr_42_DWI_QCed_VC_1mm.nrrd,/work/maria5/EBDS_CIVILITY/LongitudinalConnectome_PostRegError/PreCIVILITY/Twin/6Yr/T42/T2QCPoor/T0002-1-1-6yr/T1ToDWISpace/00_QC_Visualization/T0002-1-1-6yr_T1_SkullStripped_scaled_DWISpace.nrrd,/work/maria5/EBDS_CIVILITY/LongitudinalConnectome_PostRegError/PreCIVILITY/Twin/6Yr/T42/T2QCPoor/T0002-1-1-6yr/Input_Civility_DWISpace/T0002-1-1-6yr_Original_DWI_BrainMask_1mm.nrrd,/work/maria5/EBDS_CIVILITY/LongitudinalConnectome_PostRegError/jsonFilesForCivility/TABLE_Destrieux_SubCorticals_BrainStem.json,/work/maria5/EBDS_CIVILITY/LongitudinalConnectome_PostRegError/PreCIVILITY/Twin/6Yr/T42/T2QCPoor/T0002-1-1-6yr/Input_Civility_DWISpace/stx_T0002-1-1-6yr_T1_CombinedSurface_white_Destrieux_WithSubcorticals.vtk,Destrieux,TRUE,FALSE,"""-P 1000 --steplength=0.75 --sampvox=0.5""","""--mem=50g"""
T0005-1-2-6yr_DestFinal_Resub,/work/maria5/EBDS_CIVILITY/LongitudinalConnectome_PostRegError/PreCIVILITY/Twin/6Yr/A42/T2QCFair/T0005-1-2-6yr/Input_Civility_DWISpace/T0005-1-2-6yr_42_DWI_QCed_VC_1mm.nrrd,/work/maria5/EBDS_CIVILITY/LongitudinalConnectome_PostRegError/PreCIVILITY/Twin/6Yr/A42/T2QCFair/T0005-1-2-6yr/T1ToDWISpace/00_QC_Visualization/T0005-1-2-6yr_T1_SkullStripped_scaled_DWISpace.nrrd,/work/maria5/EBDS_CIVILITY/LongitudinalConnectome_PostRegError/PreCIVILITY/Twin/6Yr/A42/T2QCFair/T0005-1-2-6yr/Input_Civility_DWISpace/T0005-1-2-6yr_Original_DWI_BrainMask_1mm.nrrd,/work/maria5/EBDS_CIVILITY/LongitudinalConnectome_PostRegError/jsonFilesForCivility/TABLE_Destrieux_SubCorticals_BrainStem.json,/work/maria5/EBDS_CIVILITY/LongitudinalConnectome_PostRegError/PreCIVILITY/Twin/6Yr/A42/T2QCFair/T0005-1-2-6yr/Input_Civility_DWISpace/stx_T0005-1-2-6yr_T1_CombinedSurface_white_Destrieux_WithSubcorticals.vtk,Destrieux,TRUE,FALSE,"""-P 1000 --steplength=0.75 --sampvox=0.5""","""--mem=50g"""
T0008-1-1-6yr_DestFinal_Resub,/work/maria5/EBDS_CIVILITY/LongitudinalConnectome_PostRegError/PreCIVILITY/Twin/6Yr/T42/T2QCPoor/T0008-1-1-6yr/Input_Civility_DWISpace/T0008-1-1-6yr_42_DWI_QCed_VC_1mm.nrrd,/work/maria5/EBDS_CIVILITY/LongitudinalConnectome_PostRegError/PreCIVILITY/Twin/6Yr/T42/T2QCPoor/T0008-1-1-6yr/T1ToDWISpace/00_QC_Visualization/T0008-1-1-6yr_T1_SkullStripped_scaled_DWISpace.nrrd,/work/maria5/EBDS_CIVILITY/LongitudinalConnectome_PostRegError/PreCIVILITY/Twin/6Yr/T42/T2QCPoor/T0008-1-1-6yr/Input_Civility_DWISpace/T0008-1-1-6yr_Original_DWI_BrainMask_1mm.nrrd,/work/maria5/EBDS_CIVILITY/LongitudinalConnectome_PostRegError/jsonFilesForCivility/TABLE_Destrieux_SubCorticals_BrainStem.json,/work/maria5/EBDS_CIVILITY/LongitudinalConnectome_PostRegError/PreCIVILITY/Twin/6Yr/T42/T2QCPoor/T0008-1-1-6yr/Input_Civility_DWISpace/stx_T0008-1-1-6yr_T1_CombinedSurface_white_Destrieux_WithSubcorticals.vtk,Destrieux,TRUE,FALSE,"""-P 1000 --steplength=0.75 --sampvox=0.5""","""--mem=50g"""
T0008-1-2-6yr_DestFinal_Resub,/work/maria5/EBDS_CIVILITY/LongitudinalConnectome_PostRegError/PreCIVILITY/Twin/6Yr/T42/T2QCPoor/T0008-1-2-6yr/Input_Civility_DWISpace/T0008-1-2-6yr_42_DWI_QCed_VC_1mm.nrrd,/work/maria5/EBDS_CIVILITY/LongitudinalConnectome_PostRegError/PreCIVILITY/Twin/6Yr/T42/T2QCPoor/T0008-1-2-6yr/T1ToDWISpace/00_QC_Visualization/T0008-1-2-6yr_T1_SkullStripped_scaled_DWISpace.nrrd,/work/maria5/EBDS_CIVILITY/LongitudinalConnectome_PostRegError/PreCIVILITY/Twin/6Yr/T42/T2QCPoor/T0008-1-2-6yr/Input_Civility_DWISpace/T0008-1-2-6yr_Original_DWI_BrainMask_1mm.nrrd,/work/maria5/EBDS_CIVILITY/LongitudinalConnectome_PostRegError/jsonFilesForCivility/TABLE_Destrieux_SubCorticals_BrainStem.json,/work/maria5/EBDS_CIVILITY/LongitudinalConnectome_PostRegError/PreCIVILITY/Twin/6Yr/T42/T2QCPoor/T0008-1-2-6yr/Input_Civility_DWISpace/stx_T0008-1-2-6yr_T1_CombinedSurface_white_Destrieux_WithSubcorticals.vtk,Destrieux,TRUE,FALSE,"""-P 1000 --steplength=0.75 --sampvox=0.5""","""--mem=50g"""
T0009-1-1-6yr_DestFinal_Resub,/work/maria5/EBDS_CIVILITY/LongitudinalConnectome_PostRegError/PreCIVILITY/Twin/6Yr/T42/T2QCPoor/T0009-1-1-6yr/Input_Civility_DWISpace/T0009-1-1-6yr_42_DWI_QCed_VC_1mm.nrrd,/work/maria5/EBDS_CIVILITY/LongitudinalConnectome_PostRegError/PreCIVILITY/Twin/6Yr/T42/T2QCPoor/T0009-1-1-6yr/T1ToDWISpace/00_QC_Visualization/T0009-1-1-6yr_T1_SkullStripped_scaled_DWISpace.nrrd,/work/maria5/EBDS_CIVILITY/LongitudinalConnectome_PostRegError/PreCIVILITY/Twin/6Yr/T42/T2QCPoor/T0009-1-1-6yr/Input_Civility_DWISpace/T0009-1-1-6yr_Original_DWI_BrainMask_1mm.nrrd,/work/maria5/EBDS_CIVILITY/LongitudinalConnectome_PostRegError/jsonFilesForCivility/TABLE_Destrieux_SubCorticals_BrainStem.json,/work/maria5/EBDS_CIVILITY/LongitudinalConnectome_PostRegError/PreCIVILITY/Twin/6Yr/T42/T2QCPoor/T0009-1-1-6yr/Input_Civility_DWISpace/stx_T0009-1-1-6yr_T1_CombinedSurface_white_Destrieux_WithSubcorticals.vtk,Destrieux,TRUE,FALSE,"""-P 1000 --steplength=0.75 --sampvox=0.5""","""--mem=50g"""
T0009-1-2-6yr_DestFinal_Resub,/work/maria5/EBDS_CIVILITY/LongitudinalConnectome_PostRegError/PreCIVILITY/Twin/6Yr/T42/T2QCVeryPoor/T0009-1-2-6yr/Input_Civility_DWISpace/T0009-1-2-6yr_42_DWI_QCed_VC_1mm.nrrd,/work/maria5/EBDS_CIVILITY/LongitudinalConnectome_PostRegError/PreCIVILITY/Twin/6Yr/T42/T2QCVeryPoor/T0009-1-2-6yr/T1ToDWISpace/00_QC_Visualization/T0009-1-2-6yr_T1_SkullStripped_scaled_DWISpace.nrrd,/work/maria5/EBDS_CIVILITY/LongitudinalConnectome_PostRegError/PreCIVILITY/Twin/6Yr/T42/T2QCVeryPoor/T0009-1-2-6yr/Input_Civility_DWISpace/T0009-1-2-6yr_Original_DWI_BrainMask_1mm.nrrd,/work/maria5/EBDS_CIVILITY/LongitudinalConnectome_PostRegError/jsonFilesForCivility/TABLE_Destrieux_SubCorticals_BrainStem.json,/work/maria5/EBDS_CIVILITY/LongitudinalConnectome_PostRegError/PreCIVILITY/Twin/6Yr/T42/T2QCVeryPoor/T0009-1-2-6yr/Input_Civility_DWISpace/stx_T0009-1-2-6yr_T1_CombinedSurface_white_Destrieux_WithSubcorticals.vtk,Destrieux,TRUE,FALSE,"""-P 1000 --steplength=0.75 --sampvox=0.5""","""--mem=50g"""
T0011-1-1-6yr_DestFinal_Resub,/work/maria5/EBDS_CIVILITY/LongitudinalConnectome_PostRegError/PreCIVILITY/Twin/6Yr/T42/T2QCPoor/T0011-1-1-6yr/Input_Civility_DWISpace/T0011-1-1-6yr_42_DWI_QCed_VC_1mm.nrrd,/work/maria5/EBDS_CIVILITY/LongitudinalConnectome_PostRegError/PreCIVILITY/Twin/6Yr/T42/T2QCPoor/T0011-1-1-6yr/T1ToDWISpace/00_QC_Visualization/T0011-1-1-6yr_T1_SkullStripped_scaled_DWISpace.nrrd,/work/maria5/EBDS_CIVILITY/LongitudinalConnectome_PostRegError/PreCIVILITY/Twin/6Yr/T42/T2QCPoor/T0011-1-1-6yr/Input_Civility_DWISpace/T0011-1-1-6yr_Original_DWI_BrainMask_1mm.nrrd,/work/maria5/EBDS_CIVILITY/LongitudinalConnectome_PostRegError/jsonFilesForCivility/TABLE_Destrieux_SubCorticals_BrainStem.json,/work/maria5/EBDS_CIVILITY/LongitudinalConnectome_PostRegError/PreCIVILITY/Twin/6Yr/T42/T2QCPoor/T0011-1-1-6yr/Input_Civility_DWISpace/stx_T0011-1-1-6yr_T1_CombinedSurface_white_Destrieux_WithSubcorticals.vtk,Destrieux,TRUE,FALSE,"""-P 1000 --steplength=0.75 --sampvox=0.5""","""--mem=50g"""
T0017-1-1-6yr_DestFinal_Resub,/work/maria5/EBDS_CIVILITY/LongitudinalConnectome_PostRegError/PreCIVILITY/Twin/6Yr/T42/T2QCFair/T0017-1-1-6yr/Input_Civility_DWISpace/T0017-1-1-6yr_42_DWI_QCed_VC_1mm.nrrd,/work/maria5/EBDS_CIVILITY/LongitudinalConnectome_PostRegError/PreCIVILITY/Twin/6Yr/T42/T2QCFair/T0017-1-1-6yr/T1ToDWISpace/00_QC_Visualization/T0017-1-1-6yr_T1_SkullStripped_scaled_DWISpace.nrrd,/work/maria5/EBDS_CIVILITY/LongitudinalConnectome_PostRegError/PreCIVILITY/Twin/6Yr/T42/T2QCFair/T0017-1-1-6yr/Input_Civility_DWISpace/T0017-1-1-6yr_Original_DWI_BrainMask_1mm.nrrd,/work/maria5/EBDS_CIVILITY/LongitudinalConnectome_PostRegError/jsonFilesForCivility/TABLE_Destrieux_SubCorticals_BrainStem.json,/work/maria5/EBDS_CIVILITY/LongitudinalConnectome_PostRegError/PreCIVILITY/Twin/6Yr/T42/T2QCFair/T0017-1-1-6yr/Input_Civility_DWISpace/stx_T0017-1-1-6yr_T1_CombinedSurface_white_Destrieux_WithSubcorticals.vtk,Destrieux,TRUE,FALSE,"""-P 1000 --steplength=0.75 --sampvox=0.5""","""--mem=50g"""
T0017-1-2-6yr_DestFinal_Resub,/work/maria5/EBDS_CIVILITY/LongitudinalConnectome_PostRegError/PreCIVILITY/Twin/6Yr/A42/T2QCVeryPoor/T0017-1-2-6yr/Input_Civility_DWISpace/T0017-1-2-6yr_42_DWI_QCed_VC_1mm.nrrd,/work/maria5/EBDS_CIVILITY/LongitudinalConnectome_PostRegError/PreCIVILITY/Twin/6Yr/A42/T2QCVeryPoor/T0017-1-2-6yr/T1ToDWISpace/00_QC_Visualization/T0017-1-2-6yr_T1_SkullStripped_scaled_DWISpace.nrrd,/work/maria5/EBDS_CIVILITY/LongitudinalConnectome_PostRegError/PreCIVILITY/Twin/6Yr/A42/T2QCVeryPoor/T0017-1-2-6yr/Input_Civility_DWISpace/T0017-1-2-6yr_Original_DWI_BrainMask_1mm.nrrd,/work/maria5/EBDS_CIVILITY/LongitudinalConnectome_PostRegError/jsonFilesForCivility/TABLE_Destrieux_SubCorticals_BrainStem.json,/work/maria5/EBDS_CIVILITY/LongitudinalConnectome_PostRegError/PreCIVILITY/Twin/6Yr/A42/T2QCVeryPoor/T0017-1-2-6yr/Input_Civility_DWISpace/stx_T0017-1-2-6yr_T1_CombinedSurface_white_Destrieux_WithSubcorticals.vtk,Destrieux,TRUE,FALSE,"""-P 1000 --steplength=0.75 --sampvox=0.5""","""--mem=50g"""
T0022-1-1-6yr_DestFinal_Resub,/work/maria5/EBDS_CIVILITY/LongitudinalConnectome_PostRegError/PreCIVILITY/Twin/6Yr/A42/T2QCVeryPoor/T0022-1-1-6yr/Input_Civility_DWISpace/T0022-1-1-6yr_42_DWI_QCed_VC_1mm.nrrd,/work/maria5/EBDS_CIVILITY/LongitudinalConnectome_PostRegError/PreCIVILITY/Twin/6Yr/A42/T2QCVeryPoor/T0022-1-1-6yr/T1ToDWISpace/00_QC_Visualization/T0022-1-1-6yr_T1_SkullStripped_scaled_DWISpace.nrrd,/work/maria5/EBDS_CIVILITY/LongitudinalConnectome_PostRegError/PreCIVILITY/Twin/6Yr/A42/T2QCVeryPoor/T0022-1-1-6yr/Input_Civility_DWISpace/T0022-1-1-6yr_Original_DWI_BrainMask_1mm.nrrd,/work/maria5/EBDS_CIVILITY/LongitudinalConnectome_PostRegError/jsonFilesForCivility/TABLE_Destrieux_SubCorticals_BrainStem.json,/work/maria5/EBDS_CIVILITY/LongitudinalConnectome_PostRegError/PreCIVILITY/Twin/6Yr/A42/T2QCVeryPoor/T0022-1-1-6yr/Input_Civility_DWISpace/stx_T0022-1-1-6yr_T1_CombinedSurface_white_Destrieux_WithSubcorticals.vtk,Destrieux,TRUE,FALSE,"""-P 1000 --steplength=0.75 --sampvox=0.5""","""--mem=50g"""
T0022-1-2-6yr_DestFinal_Resub,/work/maria5/EBDS_CIVILITY/LongitudinalConnectome_PostRegError/PreCIVILITY/Twin/6Yr/A42/T2QCPoor/T0022-1-2-6yr/Input_Civility_DWISpace/T0022-1-2-6yr_42_DWI_QCed_VC_1mm.nrrd,/work/maria5/EBDS_CIVILITY/LongitudinalConnectome_PostRegError/PreCIVILITY/Twin/6Yr/A42/T2QCPoor/T0022-1-2-6yr/T1ToDWISpace/00_QC_Visualization/T0022-1-2-6yr_T1_SkullStripped_scaled_DWISpace.nrrd,/work/maria5/EBDS_CIVILITY/LongitudinalConnectome_PostRegError/PreCIVILITY/Twin/6Yr/A42/T2QCPoor/T0022-1-2-6yr/Input_Civility_DWISpace/T0022-1-2-6yr_Original_DWI_BrainMask_1mm.nrrd,/work/maria5/EBDS_CIVILITY/LongitudinalConnectome_PostRegError/jsonFilesForCivility/TABLE_Destrieux_SubCorticals_BrainStem.json,/work/maria5/EBDS_CIVILITY/LongitudinalConnectome_PostRegError/PreCIVILITY/Twin/6Yr/A42/T2QCPoor/T0022-1-2-6yr/Input_Civility_DWISpace/stx_T0022-1-2-6yr_T1_CombinedSurface_white_Destrieux_WithSubcorticals.vtk,Destrieux,TRUE,FALSE,"""-P 1000 --steplength=0.75 --sampvox=0.5""","""--mem=50g"""
T0023-1-1-6yr_DestFinal_Resub,/work/maria5/EBDS_CIVILITY/LongitudinalConnectome_PostRegError/PreCIVILITY/Twin/6Yr/A42/T2QCFair/T0023-1-1-6yr/Input_Civility_DWISpace/T0023-1-1-6yr_42_DWI_QCed_VC_1mm.nrrd,/work/maria5/EBDS_CIVILITY/LongitudinalConnectome_PostRegError/PreCIVILITY/Twin/6Yr/A42/T2QCFair/T0023-1-1-6yr/T1ToDWISpace/00_QC_Visualization/T0023-1-1-6yr_T1_SkullStripped_scaled_DWISpace.nrrd,/work/maria5/EBDS_CIVILITY/LongitudinalConnectome_PostRegError/PreCIVILITY/Twin/6Yr/A42/T2QCFair/T0023-1-1-6yr/Input_Civility_DWISpace/T0023-1-1-6yr_Original_DWI_BrainMask_1mm.nrrd,/work/maria5/EBDS_CIVILITY/LongitudinalConnectome_PostRegError/jsonFilesForCivility/TABLE_Destrieux_SubCorticals_BrainStem.json,/work/maria5/EBDS_CIVILITY/LongitudinalConnectome_PostRegError/PreCIVILITY/Twin/6Yr/A42/T2QCFair/T0023-1-1-6yr/Input_Civility_DWISpace/stx_T0023-1-1-6yr_T1_CombinedSurface_white_Destrieux_WithSubcorticals.vtk,Destrieux,TRUE,FALSE,"""-P 1000 --steplength=0.75 --sampvox=0.5""","""--mem=50g"""
T0024-1-1-6yr_DestFinal_Resub,/work/maria5/EBDS_CIVILITY/LongitudinalConnectome_PostRegError/PreCIVILITY/Twin/6Yr/A42/T2QCPoor/T0024-1-1-6yr/Input_Civility_DWISpace/T0024-1-1-6yr_42_DWI_QCed_VC_1mm.nrrd,/work/maria5/EBDS_CIVILITY/LongitudinalConnectome_PostRegError/PreCIVILITY/Twin/6Yr/A42/T2QCPoor/T0024-1-1-6yr/T1ToDWISpace/00_QC_Visualization/T0024-1-1-6yr_T1_SkullStripped_scaled_DWISpace.nrrd,/work/maria5/EBDS_CIVILITY/LongitudinalConnectome_PostRegError/PreCIVILITY/Twin/6Yr/A42/T2QCPoor/T0024-1-1-6yr/Input_Civility_DWISpace/T0024-1-1-6yr_Original_DWI_BrainMask_1mm.nrrd,/work/maria5/EBDS_CIVILITY/LongitudinalConnectome_PostRegError/jsonFilesForCivility/TABLE_Destrieux_SubCorticals_BrainStem.json,/work/maria5/EBDS_CIVILITY/LongitudinalConnectome_PostRegError/PreCIVILITY/Twin/6Yr/A42/T2QCPoor/T0024-1-1-6yr/Input_Civility_DWISpace/stx_T0024-1-1-6yr_T1_CombinedSurface_white_Destrieux_WithSubcorticals.vtk,Destrieux,TRUE,FALSE,"""-P 1000 --steplength=0.75 --sampvox=0.5""","""--mem=50g"""
T0024-1-2-6yr_DestFinal_Resub,/work/maria5/EBDS_CIVILITY/LongitudinalConnectome_PostRegError/PreCIVILITY/Twin/6Yr/A42/T2QCPoor/T0024-1-2-6yr/Input_Civility_DWISpace/T0024-1-2-6yr_42_DWI_QCed_VC_1mm.nrrd,/work/maria5/EBDS_CIVILITY/LongitudinalConnectome_PostRegError/PreCIVILITY/Twin/6Yr/A42/T2QCPoor/T0024-1-2-6yr/T1ToDWISpace/00_QC_Visualization/T0024-1-2-6yr_T1_SkullStripped_scaled_DWISpace.nrrd,/work/maria5/EBDS_CIVILITY/LongitudinalConnectome_PostRegError/PreCIVILITY/Twin/6Yr/A42/T2QCPoor/T0024-1-2-6yr/Input_Civility_DWISpace/T0024-1-2-6yr_Original_DWI_BrainMask_1mm.nrrd,/work/maria5/EBDS_CIVILITY/LongitudinalConnectome_PostRegError/jsonFilesForCivility/TABLE_Destrieux_SubCorticals_BrainStem.json,/work/maria5/EBDS_CIVILITY/LongitudinalConnectome_PostRegError/PreCIVILITY/Twin/6Yr/A42/T2QCPoor/T0024-1-2-6yr/Input_Civility_DWISpace/stx_T0024-1-2-6yr_T1_CombinedSurface_white_Destrieux_WithSubcorticals.vtk,Destrieux,TRUE,FALSE,"""-P 1000 --steplength=0.75 --sampvox=0.5""","""--mem=50g"""
T0027-1-1-6yr_DestFinal_Resub,/work/maria5/EBDS_CIVILITY/LongitudinalConnectome_PostRegError/PreCIVILITY/Twin/6Yr/T42/T2QCFair/T0027-1-1-6yr/Input_Civility_DWISpace/T0027-1-1-6yr_42_DWI_QCed_VC_1mm.nrrd,/work/maria5/EBDS_CIVILITY/LongitudinalConnectome_PostRegError/PreCIVILITY/Twin/6Yr/T42/T2QCFair/T0027-1-1-6yr/T1ToDWISpace/00_QC_Visualization/T0027-1-1-6yr_T1_SkullStripped_scaled_DWISpace.nrrd,/work/maria5/EBDS_CIVILITY/LongitudinalConnectome_PostRegError/PreCIVILITY/Twin/6Yr/T42/T2QCFair/T0027-1-1-6yr/Input_Civility_DWISpace/T0027-1-1-6yr_Original_DWI_BrainMask_1mm.nrrd,/work/maria5/EBDS_CIVILITY/LongitudinalConnectome_PostRegError/jsonFilesForCivility/TABLE_Destrieux_SubCorticals_BrainStem.json,/work/maria5/EBDS_CIVILITY/LongitudinalConnectome_PostRegError/PreCIVILITY/Twin/6Yr/T42/T2QCFair/T0027-1-1-6yr/Input_Civility_DWISpace/stx_T0027-1-1-6yr_T1_CombinedSurface_white_Destrieux_WithSubcorticals.vtk,Destrieux,TRUE,FALSE,"""-P 1000 --steplength=0.75 --sampvox=0.5""","""--mem=50g"""
T0027-1-2-6yr_DestFinal_Resub,/work/maria5/EBDS_CIVILITY/LongitudinalConnectome_PostRegError/PreCIVILITY/Twin/6Yr/T42/T2QCVeryPoor/T0027-1-2-6yr/Input_Civility_DWISpace/T0027-1-2-6yr_42_DWI_QCed_VC_1mm.nrrd,/work/maria5/EBDS_CIVILITY/LongitudinalConnectome_PostRegError/PreCIVILITY/Twin/6Yr/T42/T2QCVeryPoor/T0027-1-2-6yr/T1ToDWISpace/00_QC_Visualization/T0027-1-2-6yr_T1_SkullStripped_scaled_DWISpace.nrrd,/work/maria5/EBDS_CIVILITY/LongitudinalConnectome_PostRegError/PreCIVILITY/Twin/6Yr/T42/T2QCVeryPoor/T0027-1-2-6yr/Input_Civility_DWISpace/T0027-1-2-6yr_Original_DWI_BrainMask_1mm.nrrd,/work/maria5/EBDS_CIVILITY/LongitudinalConnectome_PostRegError/jsonFilesForCivility/TABLE_Destrieux_SubCorticals_BrainStem.json,/work/maria5/EBDS_CIVILITY/LongitudinalConnectome_PostRegError/PreCIVILITY/Twin/6Yr/T42/T2QCVeryPoor/T0027-1-2-6yr/Input_Civility_DWISpace/stx_T0027-1-2-6yr_T1_CombinedSurface_white_Destrieux_WithSubcorticals.vtk,Destrieux,TRUE,FALSE,"""-P 1000 --steplength=0.75 --sampvox=0.5""","""--mem=50g"""
T0031-1-1-6yr_DestFinal_Resub,/work/maria5/EBDS_CIVILITY/LongitudinalConnectome_PostRegError/PreCIVILITY/Twin/6Yr/A42/T2QCPoor/T0031-1-1-6yr/Input_Civility_DWISpace/T0031-1-1-6yr_42_DWI_QCed_VC_1mm.nrrd,/work/maria5/EBDS_CIVILITY/LongitudinalConnectome_PostRegError/PreCIVILITY/Twin/6Yr/A42/T2QCPoor/T0031-1-1-6yr/T1ToDWISpace/00_QC_Visualization/T0031-1-1-6yr_T1_SkullStripped_scaled_DWISpace.nrrd,/work/maria5/EBDS_CIVILITY/LongitudinalConnectome_PostRegError/PreCIVILITY/Twin/6Yr/A42/T2QCPoor/T0031-1-1-6yr/Input_Civility_DWISpace/T0031-1-1-6yr_Original_DWI_BrainMask_1mm.nrrd,/work/maria5/EBDS_CIVILITY/LongitudinalConnectome_PostRegError/jsonFilesForCivility/TABLE_Destrieux_SubCorticals_BrainStem.json,/work/maria5/EBDS_CIVILITY/LongitudinalConnectome_PostRegError/PreCIVILITY/Twin/6Yr/A42/T2QCPoor/T0031-1-1-6yr/Input_Civility_DWISpace/stx_T0031-1-1-6yr_T1_CombinedSurface_white_Destrieux_WithSubcorticals.vtk,Destrieux,TRUE,FALSE,"""-P 1000 --steplength=0.75 --sampvox=0.5""","""--mem=50g"""
T0037-1-1-6yr_DestFinal_Resub,/work/maria5/EBDS_CIVILITY/LongitudinalConnectome_PostRegError/PreCIVILITY/Twin/6Yr/A42/T2QCPoor/T0037-1-1-6yr/Input_Civility_DWISpace/T0037-1-1-6yr_42_DWI_QCed_VC_1mm.nrrd,/work/maria5/EBDS_CIVILITY/LongitudinalConnectome_PostRegError/PreCIVILITY/Twin/6Yr/A42/T2QCPoor/T0037-1-1-6yr/T1ToDWISpace/00_QC_Visualization/T0037-1-1-6yr_T1_SkullStripped_scaled_DWISpace.nrrd,/work/maria5/EBDS_CIVILITY/LongitudinalConnectome_PostRegError/PreCIVILITY/Twin/6Yr/A42/T2QCPoor/T0037-1-1-6yr/Input_Civility_DWISpace/T0037-1-1-6yr_Original_DWI_BrainMask_1mm.nrrd,/work/maria5/EBDS_CIVILITY/LongitudinalConnectome_PostRegError/jsonFilesForCivility/TABLE_Destrieux_SubCorticals_BrainStem.json,/work/maria5/EBDS_CIVILITY/LongitudinalConnectome_PostRegError/PreCIVILITY/Twin/6Yr/A42/T2QCPoor/T0037-1-1-6yr/Input_Civility_DWISpace/stx_T0037-1-1-6yr_T1_CombinedSurface_white_Destrieux_WithSubcorticals.vtk,Destrieux,TRUE,FALSE,"""-P 1000 --steplength=0.75 --sampvox=0.5""","""--mem=50g"""
T0042-1-1-6yr_DestFinal_Resub,/work/maria5/EBDS_CIVILITY/LongitudinalConnectome_PostRegError/PreCIVILITY/Twin/6Yr/T42/T2QCPoor/T0042-1-1-6yr/Input_Civility_DWISpace/T0042-1-1-6yr_42_DWI_QCed_VC_1mm.nrrd,/work/maria5/EBDS_CIVILITY/LongitudinalConnectome_PostRegError/PreCIVILITY/Twin/6Yr/T42/T2QCPoor/T0042-1-1-6yr/T1ToDWISpace/00_QC_Visualization/T0042-1-1-6yr_T1_SkullStripped_scaled_DWISpace.nrrd,/work/maria5/EBDS_CIVILITY/LongitudinalConnectome_PostRegError/PreCIVILITY/Twin/6Yr/T42/T2QCPoor/T0042-1-1-6yr/Input_Civility_DWISpace/T0042-1-1-6yr_Original_DWI_BrainMask_1mm.nrrd,/work/maria5/EBDS_CIVILITY/LongitudinalConnectome_PostRegError/jsonFilesForCivility/TABLE_Destrieux_SubCorticals_BrainStem.json,/work/maria5/EBDS_CIVILITY/LongitudinalConnectome_PostRegError/PreCIVILITY/Twin/6Yr/T42/T2QCPoor/T0042-1-1-6yr/Input_Civility_DWISpace/stx_T0042-1-1-6yr_T1_CombinedSurface_white_Destrieux_WithSubcorticals.vtk,Destrieux,TRUE,FALSE,"""-P 1000 --steplength=0.75 --sampvox=0.5""","""--mem=50g"""
T0049-1-1-6yr_DestFinal_Resub,/work/maria5/EBDS_CIVILITY/LongitudinalConnectome_PostRegError/PreCIVILITY/Twin/6Yr/T42/T2QCPoor/T0049-1-1-6yr/Input_Civility_DWISpace/T0049-1-1-6yr_42_DWI_QCed_VC_1mm.nrrd,/work/maria5/EBDS_CIVILITY/LongitudinalConnectome_PostRegError/PreCIVILITY/Twin/6Yr/T42/T2QCPoor/T0049-1-1-6yr/T1ToDWISpace/00_QC_Visualization/T0049-1-1-6yr_T1_SkullStripped_scaled_DWISpace.nrrd,/work/maria5/EBDS_CIVILITY/LongitudinalConnectome_PostRegError/PreCIVILITY/Twin/6Yr/T42/T2QCPoor/T0049-1-1-6yr/Input_Civility_DWISpace/T0049-1-1-6yr_Original_DWI_BrainMask_1mm.nrrd,/work/maria5/EBDS_CIVILITY/LongitudinalConnectome_PostRegError/jsonFilesForCivility/TABLE_Destrieux_SubCorticals_BrainStem.json,/work/maria5/EBDS_CIVILITY/LongitudinalConnectome_PostRegError/PreCIVILITY/Twin/6Yr/T42/T2QCPoor/T0049-1-1-6yr/Input_Civility_DWISpace/stx_T0049-1-1-6yr_T1_CombinedSurface_white_Destrieux_WithSubcorticals.vtk,Destrieux,TRUE,FALSE,"""-P 1000 --steplength=0.75 --sampvox=0.5""","""--mem=50g"""
T0051-1-1-6yr_DestFinal_Resub,/work/maria5/EBDS_CIVILITY/LongitudinalConnectome_PostRegError/PreCIVILITY/Twin/6Yr/T42/T2QCPoor/T0051-1-1-6yr/Input_Civility_DWISpace/T0051-1-1-6yr_42_DWI_QCed_VC_1mm.nrrd,/work/maria5/EBDS_CIVILITY/LongitudinalConnectome_PostRegError/PreCIVILITY/Twin/6Yr/T42/T2QCPoor/T0051-1-1-6yr/T1ToDWISpace/00_QC_Visualization/T0051-1-1-6yr_T1_SkullStripped_scaled_DWISpace.nrrd,/work/maria5/EBDS_CIVILITY/LongitudinalConnectome_PostRegError/PreCIVILITY/Twin/6Yr/T42/T2QCPoor/T0051-1-1-6yr/Input_Civility_DWISpace/T0051-1-1-6yr_Original_DWI_BrainMask_1mm.nrrd,/work/maria5/EBDS_CIVILITY/LongitudinalConnectome_PostRegError/jsonFilesForCivility/TABLE_Destrieux_SubCorticals_BrainStem.json,/work/maria5/EBDS_CIVILITY/LongitudinalConnectome_PostRegError/PreCIVILITY/Twin/6Yr/T42/T2QCPoor/T0051-1-1-6yr/Input_Civility_DWISpace/stx_T0051-1-1-6yr_T1_CombinedSurface_white_Destrieux_WithSubcorticals.vtk,Destrieux,TRUE,FALSE,"""-P 1000 --steplength=0.75 --sampvox=0.5""","""--mem=50g"""
T0051-1-2-6yr_DestFinal_Resub,/work/maria5/EBDS_CIVILITY/LongitudinalConnectome_PostRegError/PreCIVILITY/Twin/6Yr/T42/T2QCVeryPoor/T0051-1-2-6yr/Input_Civility_DWISpace/T0051-1-2-6yr_42_DWI_QCed_VC_1mm.nrrd,/work/maria5/EBDS_CIVILITY/LongitudinalConnectome_PostRegError/PreCIVILITY/Twin/6Yr/T42/T2QCVeryPoor/T0051-1-2-6yr/T1ToDWISpace/00_QC_Visualization/T0051-1-2-6yr_T1_SkullStripped_scaled_DWISpace.nrrd,/work/maria5/EBDS_CIVILITY/LongitudinalConnectome_PostRegError/PreCIVILITY/Twin/6Yr/T42/T2QCVeryPoor/T0051-1-2-6yr/Input_Civility_DWISpace/T0051-1-2-6yr_Original_DWI_BrainMask_1mm.nrrd,/work/maria5/EBDS_CIVILITY/LongitudinalConnectome_PostRegError/jsonFilesForCivility/TABLE_Destrieux_SubCorticals_BrainStem.json,/work/maria5/EBDS_CIVILITY/LongitudinalConnectome_PostRegError/PreCIVILITY/Twin/6Yr/T42/T2QCVeryPoor/T0051-1-2-6yr/Input_Civility_DWISpace/stx_T0051-1-2-6yr_T1_CombinedSurface_white_Destrieux_WithSubcorticals.vtk,Destrieux,TRUE,FALSE,"""-P 1000 --steplength=0.75 --sampvox=0.5""","""--mem=50g"""
T0052-1-1-6yr_DestFinal_Resub,/work/maria5/EBDS_CIVILITY/LongitudinalConnectome_PostRegError/PreCIVILITY/Twin/6Yr/T42/T2QCPoor/T0052-1-1-6yr/Input_Civility_DWISpace/T0052-1-1-6yr_42_DWI_QCed_VC_1mm.nrrd,/work/maria5/EBDS_CIVILITY/LongitudinalConnectome_PostRegError/PreCIVILITY/Twin/6Yr/T42/T2QCPoor/T0052-1-1-6yr/T1ToDWISpace/00_QC_Visualization/T0052-1-1-6yr_T1_SkullStripped_scaled_DWISpace.nrrd,/work/maria5/EBDS_CIVILITY/LongitudinalConnectome_PostRegError/PreCIVILITY/Twin/6Yr/T42/T2QCPoor/T0052-1-1-6yr/Input_Civility_DWISpace/T0052-1-1-6yr_Original_DWI_BrainMask_1mm.nrrd,/work/maria5/EBDS_CIVILITY/LongitudinalConnectome_PostRegError/jsonFilesForCivility/TABLE_Destrieux_SubCorticals_BrainStem.json,/work/maria5/EBDS_CIVILITY/LongitudinalConnectome_PostRegError/PreCIVILITY/Twin/6Yr/T42/T2QCPoor/T0052-1-1-6yr/Input_Civility_DWISpace/stx_T0052-1-1-6yr_T1_CombinedSurface_white_Destrieux_WithSubcorticals.vtk,Destrieux,TRUE,FALSE,"""-P 1000 --steplength=0.75 --sampvox=0.5""","""--mem=50g"""
T0052-1-2-6yr_DestFinal_Resub,/work/maria5/EBDS_CIVILITY/LongitudinalConnectome_PostRegError/PreCIVILITY/Twin/6Yr/T42/T2QCFair/T0052-1-2-6yr/Input_Civility_DWISpace/T0052-1-2-6yr_42_DWI_QCed_VC_1mm.nrrd,/work/maria5/EBDS_CIVILITY/LongitudinalConnectome_PostRegError/PreCIVILITY/Twin/6Yr/T42/T2QCFair/T0052-1-2-6yr/T1ToDWISpace/00_QC_Visualization/T0052-1-2-6yr_T1_SkullStripped_scaled_DWISpace.nrrd,/work/maria5/EBDS_CIVILITY/LongitudinalConnectome_PostRegError/PreCIVILITY/Twin/6Yr/T42/T2QCFair/T0052-1-2-6yr/Input_Civility_DWISpace/T0052-1-2-6yr_Original_DWI_BrainMask_1mm.nrrd,/work/maria5/EBDS_CIVILITY/LongitudinalConnectome_PostRegError/jsonFilesForCivility/TABLE_Destrieux_SubCorticals_BrainStem.json,/work/maria5/EBDS_CIVILITY/LongitudinalConnectome_PostRegError/PreCIVILITY/Twin/6Yr/T42/T2QCFair/T0052-1-2-6yr/Input_Civility_DWISpace/stx_T0052-1-2-6yr_T1_CombinedSurface_white_Destrieux_WithSubcorticals.vtk,Destrieux,TRUE,FALSE,"""-P 1000 --steplength=0.75 --sampvox=0.5""","""--mem=50g"""
T0054-1-1-6yr_DestFinal_Resub,/work/maria5/EBDS_CIVILITY/LongitudinalConnectome_PostRegError/PreCIVILITY/Twin/6Yr/T42/T2QCGood/T0054-1-1-6yr/Input_Civility_DWISpace/T0054-1-1-6yr_42_DWI_QCed_VC_1mm.nrrd,/work/maria5/EBDS_CIVILITY/LongitudinalConnectome_PostRegError/PreCIVILITY/Twin/6Yr/T42/T2QCGood/T0054-1-1-6yr/T1ToDWISpace/00_QC_Visualization/T0054-1-1-6yr_T1_SkullStripped_scaled_DWISpace.nrrd,/work/maria5/EBDS_CIVILITY/LongitudinalConnectome_PostRegError/PreCIVILITY/Twin/6Yr/T42/T2QCGood/T0054-1-1-6yr/Input_Civility_DWISpace/T0054-1-1-6yr_Original_DWI_BrainMask_1mm.nrrd,/work/maria5/EBDS_CIVILITY/LongitudinalConnectome_PostRegError/jsonFilesForCivility/TABLE_Destrieux_SubCorticals_BrainStem.json,/work/maria5/EBDS_CIVILITY/LongitudinalConnectome_PostRegError/PreCIVILITY/Twin/6Yr/T42/T2QCGood/T0054-1-1-6yr/Input_Civility_DWISpace/stx_T0054-1-1-6yr_T1_CombinedSurface_white_Destrieux_WithSubcorticals.vtk,Destrieux,TRUE,FALSE,"""-P 1000 --steplength=0.75 --sampvox=0.5""","""--mem=50g"""
T0054-1-2-6yr_DestFinal_Resub,/work/maria5/EBDS_CIVILITY/LongitudinalConnectome_PostRegError/PreCIVILITY/Twin/6Yr/T42/T2QCFair/T0054-1-2-6yr/Input_Civility_DWISpace/T0054-1-2-6yr_42_DWI_QCed_VC_1mm.nrrd,/work/maria5/EBDS_CIVILITY/LongitudinalConnectome_PostRegError/PreCIVILITY/Twin/6Yr/T42/T2QCFair/T0054-1-2-6yr/T1ToDWISpace/00_QC_Visualization/T0054-1-2-6yr_T1_SkullStripped_scaled_DWISpace.nrrd,/work/maria5/EBDS_CIVILITY/LongitudinalConnectome_PostRegError/PreCIVILITY/Twin/6Yr/T42/T2QCFair/T0054-1-2-6yr/Input_Civility_DWISpace/T0054-1-2-6yr_Original_DWI_BrainMask_1mm.nrrd,/work/maria5/EBDS_CIVILITY/LongitudinalConnectome_PostRegError/jsonFilesForCivility/TABLE_Destrieux_SubCorticals_BrainStem.json,/work/maria5/EBDS_CIVILITY/LongitudinalConnectome_PostRegError/PreCIVILITY/Twin/6Yr/T42/T2QCFair/T0054-1-2-6yr/Input_Civility_DWISpace/stx_T0054-1-2-6yr_T1_CombinedSurface_white_Destrieux_WithSubcorticals.vtk,Destrieux,TRUE,FALSE,"""-P 1000 --steplength=0.75 --sampvox=0.5""","""--mem=50g"""
T0058-1-1-6yr_DestFinal_Resub,/work/maria5/EBDS_CIVILITY/LongitudinalConnectome_PostRegError/PreCIVILITY/Twin/6Yr/T42/T2QCVeryPoor/T0058-1-1-6yr/Input_Civility_DWISpace/T0058-1-1-6yr_42_DWI_QCed_VC_1mm.nrrd,/work/maria5/EBDS_CIVILITY/LongitudinalConnectome_PostRegError/PreCIVILITY/Twin/6Yr/T42/T2QCVeryPoor/T0058-1-1-6yr/T1ToDWISpace/00_QC_Visualization/T0058-1-1-6yr_T1_SkullStripped_scaled_DWISpace.nrrd,/work/maria5/EBDS_CIVILITY/LongitudinalConnectome_PostRegError/PreCIVILITY/Twin/6Yr/T42/T2QCVeryPoor/T0058-1-1-6yr/Input_Civility_DWISpace/T0058-1-1-6yr_Original_DWI_BrainMask_1mm.nrrd,/work/maria5/EBDS_CIVILITY/LongitudinalConnectome_PostRegError/jsonFilesForCivility/TABLE_Destrieux_SubCorticals_BrainStem.json,/work/maria5/EBDS_CIVILITY/LongitudinalConnectome_PostRegError/PreCIVILITY/Twin/6Yr/T42/T2QCVeryPoor/T0058-1-1-6yr/Input_Civility_DWISpace/stx_T0058-1-1-6yr_T1_CombinedSurface_white_Destrieux_WithSubcorticals.vtk,Destrieux,TRUE,FALSE,"""-P 1000 --steplength=0.75 --sampvox=0.5""","""--mem=50g"""
T0060-1-1-6yr_DestFinal_Resub,/work/maria5/EBDS_CIVILITY/LongitudinalConnectome_PostRegError/PreCIVILITY/Twin/6Yr/T42/T2QCFair/T0060-1-1-6yr/Input_Civility_DWISpace/T0060-1-1-6yr_42_DWI_QCed_VC_1mm.nrrd,/work/maria5/EBDS_CIVILITY/LongitudinalConnectome_PostRegError/PreCIVILITY/Twin/6Yr/T42/T2QCFair/T0060-1-1-6yr/T1ToDWISpace/00_QC_Visualization/T0060-1-1-6yr_T1_SkullStripped_scaled_DWISpace.nrrd,/work/maria5/EBDS_CIVILITY/LongitudinalConnectome_PostRegError/PreCIVILITY/Twin/6Yr/T42/T2QCFair/T0060-1-1-6yr/Input_Civility_DWISpace/T0060-1-1-6yr_Original_DWI_BrainMask_1mm.nrrd,/work/maria5/EBDS_CIVILITY/LongitudinalConnectome_PostRegError/jsonFilesForCivility/TABLE_Destrieux_SubCorticals_BrainStem.json,/work/maria5/EBDS_CIVILITY/LongitudinalConnectome_PostRegError/PreCIVILITY/Twin/6Yr/T42/T2QCFair/T0060-1-1-6yr/Input_Civility_DWISpace/stx_T0060-1-1-6yr_T1_CombinedSurface_white_Destrieux_WithSubcorticals.vtk,Destrieux,TRUE,FALSE,"""-P 1000 --steplength=0.75 --sampvox=0.5""","""--mem=50g"""
T0060-1-2-6yr_DestFinal_Resub,/work/maria5/EBDS_CIVILITY/LongitudinalConnectome_PostRegError/PreCIVILITY/Twin/6Yr/T42/T2QCFair/T0060-1-2-6yr/Input_Civility_DWISpace/T0060-1-2-6yr_42_DWI_QCed_VC_1mm.nrrd,/work/maria5/EBDS_CIVILITY/LongitudinalConnectome_PostRegError/PreCIVILITY/Twin/6Yr/T42/T2QCFair/T0060-1-2-6yr/T1ToDWISpace/00_QC_Visualization/T0060-1-2-6yr_T1_SkullStripped_scaled_DWISpace.nrrd,/work/maria5/EBDS_CIVILITY/LongitudinalConnectome_PostRegError/PreCIVILITY/Twin/6Yr/T42/T2QCFair/T0060-1-2-6yr/Input_Civility_DWISpace/T0060-1-2-6yr_Original_DWI_BrainMask_1mm.nrrd,/work/maria5/EBDS_CIVILITY/LongitudinalConnectome_PostRegError/jsonFilesForCivility/TABLE_Destrieux_SubCorticals_BrainStem.json,/work/maria5/EBDS_CIVILITY/LongitudinalConnectome_PostRegError/PreCIVILITY/Twin/6Yr/T42/T2QCFair/T0060-1-2-6yr/Input_Civility_DWISpace/stx_T0060-1-2-6yr_T1_CombinedSurface_white_Destrieux_WithSubcorticals.vtk,Destrieux,TRUE,FALSE,"""-P 1000 --steplength=0.75 --sampvox=0.5""","""--mem=50g"""
T0062-1-1-6yr_DestFinal_Resub,/work/maria5/EBDS_CIVILITY/LongitudinalConnectome_PostRegError/PreCIVILITY/Twin/6Yr/T42/T2QCFair/T0062-1-1-6yr/Input_Civility_DWISpace/T0062-1-1-6yr_42_DWI_QCed_VC_1mm.nrrd,/work/maria5/EBDS_CIVILITY/LongitudinalConnectome_PostRegError/PreCIVILITY/Twin/6Yr/T42/T2QCFair/T0062-1-1-6yr/T1ToDWISpace/00_QC_Visualization/T0062-1-1-6yr_T1_SkullStripped_scaled_DWISpace.nrrd,/work/maria5/EBDS_CIVILITY/LongitudinalConnectome_PostRegError/PreCIVILITY/Twin/6Yr/T42/T2QCFair/T0062-1-1-6yr/Input_Civility_DWISpace/T0062-1-1-6yr_Original_DWI_BrainMask_1mm.nrrd,/work/maria5/EBDS_CIVILITY/LongitudinalConnectome_PostRegError/jsonFilesForCivility/TABLE_Destrieux_SubCorticals_BrainStem.json,/work/maria5/EBDS_CIVILITY/LongitudinalConnectome_PostRegError/PreCIVILITY/Twin/6Yr/T42/T2QCFair/T0062-1-1-6yr/Input_Civility_DWISpace/stx_T0062-1-1-6yr_T1_CombinedSurface_white_Destrieux_WithSubcorticals.vtk,Destrieux,TRUE,FALSE,"""-P 1000 --steplength=0.75 --sampvox=0.5""","""--mem=50g"""
T0062-1-2-6yr_DestFinal_Resub,/work/maria5/EBDS_CIVILITY/LongitudinalConnectome_PostRegError/PreCIVILITY/Twin/6Yr/T42/T2QCFair/T0062-1-2-6yr/Input_Civility_DWISpace/T0062-1-2-6yr_42_DWI_QCed_VC_1mm.nrrd,/work/maria5/EBDS_CIVILITY/LongitudinalConnectome_PostRegError/PreCIVILITY/Twin/6Yr/T42/T2QCFair/T0062-1-2-6yr/T1ToDWISpace/00_QC_Visualization/T0062-1-2-6yr_T1_SkullStripped_scaled_DWISpace.nrrd,/work/maria5/EBDS_CIVILITY/LongitudinalConnectome_PostRegError/PreCIVILITY/Twin/6Yr/T42/T2QCFair/T0062-1-2-6yr/Input_Civility_DWISpace/T0062-1-2-6yr_Original_DWI_BrainMask_1mm.nrrd,/work/maria5/EBDS_CIVILITY/LongitudinalConnectome_PostRegError/jsonFilesForCivility/TABLE_Destrieux_SubCorticals_BrainStem.json,/work/maria5/EBDS_CIVILITY/LongitudinalConnectome_PostRegError/PreCIVILITY/Twin/6Yr/T42/T2QCFair/T0062-1-2-6yr/Input_Civility_DWISpace/stx_T0062-1-2-6yr_T1_CombinedSurface_white_Destrieux_WithSubcorticals.vtk,Destrieux,TRUE,FALSE,"""-P 1000 --steplength=0.75 --sampvox=0.5""","""--mem=50g"""
T0064-1-1-6yr_DestFinal_Resub,/work/maria5/EBDS_CIVILITY/LongitudinalConnectome_PostRegError/PreCIVILITY/Twin/6Yr/T42/T2QCGood/T0064-1-1-6yr/Input_Civility_DWISpace/T0064-1-1-6yr_42_DWI_QCed_VC_1mm.nrrd,/work/maria5/EBDS_CIVILITY/LongitudinalConnectome_PostRegError/PreCIVILITY/Twin/6Yr/T42/T2QCGood/T0064-1-1-6yr/T1ToDWISpace/00_QC_Visualization/T0064-1-1-6yr_T1_SkullStripped_scaled_DWISpace.nrrd,/work/maria5/EBDS_CIVILITY/LongitudinalConnectome_PostRegError/PreCIVILITY/Twin/6Yr/T42/T2QCGood/T0064-1-1-6yr/Input_Civility_DWISpace/T0064-1-1-6yr_Original_DWI_BrainMask_1mm.nrrd,/work/maria5/EBDS_CIVILITY/LongitudinalConnectome_PostRegError/jsonFilesForCivility/TABLE_Destrieux_SubCorticals_BrainStem.json,/work/maria5/EBDS_CIVILITY/LongitudinalConnectome_PostRegError/PreCIVILITY/Twin/6Yr/T42/T2QCGood/T0064-1-1-6yr/Input_Civility_DWISpace/stx_T0064-1-1-6yr_T1_CombinedSurface_white_Destrieux_WithSubcorticals.vtk,Destrieux,TRUE,FALSE,"""-P 1000 --steplength=0.75 --sampvox=0.5""","""--mem=50g"""
T0064-1-2-6yr_DestFinal_Resub,/work/maria5/EBDS_CIVILITY/LongitudinalConnectome_PostRegError/PreCIVILITY/Twin/6Yr/T42/T2QCFair/T0064-1-2-6yr/Input_Civility_DWISpace/T0064-1-2-6yr_42_DWI_QCed_VC_1mm.nrrd,/work/maria5/EBDS_CIVILITY/LongitudinalConnectome_PostRegError/PreCIVILITY/Twin/6Yr/T42/T2QCFair/T0064-1-2-6yr/T1ToDWISpace/00_QC_Visualization/T0064-1-2-6yr_T1_SkullStripped_scaled_DWISpace.nrrd,/work/maria5/EBDS_CIVILITY/LongitudinalConnectome_PostRegError/PreCIVILITY/Twin/6Yr/T42/T2QCFair/T0064-1-2-6yr/Input_Civility_DWISpace/T0064-1-2-6yr_Original_DWI_BrainMask_1mm.nrrd,/work/maria5/EBDS_CIVILITY/LongitudinalConnectome_PostRegError/jsonFilesForCivility/TABLE_Destrieux_SubCorticals_BrainStem.json,/work/maria5/EBDS_CIVILITY/LongitudinalConnectome_PostRegError/PreCIVILITY/Twin/6Yr/T42/T2QCFair/T0064-1-2-6yr/Input_Civility_DWISpace/stx_T0064-1-2-6yr_T1_CombinedSurface_white_Destrieux_WithSubcorticals.vtk,Destrieux,TRUE,FALSE,"""-P 1000 --steplength=0.75 --sampvox=0.5""","""--mem=50g"""
T0067-1-1-6yr_DestFinal_Resub,/work/maria5/EBDS_CIVILITY/LongitudinalConnectome_PostRegError/PreCIVILITY/Twin/6Yr/T42/T2QCGood/T0067-1-1-6yr/Input_Civility_DWISpace/T0067-1-1-6yr_42_DWI_QCed_VC_1mm.nrrd,/work/maria5/EBDS_CIVILITY/LongitudinalConnectome_PostRegError/PreCIVILITY/Twin/6Yr/T42/T2QCGood/T0067-1-1-6yr/T1ToDWISpace/00_QC_Visualization/T0067-1-1-6yr_T1_SkullStripped_scaled_DWISpace.nrrd,/work/maria5/EBDS_CIVILITY/LongitudinalConnectome_PostRegError/PreCIVILITY/Twin/6Yr/T42/T2QCGood/T0067-1-1-6yr/Input_Civility_DWISpace/T0067-1-1-6yr_Original_DWI_BrainMask_1mm.nrrd,/work/maria5/EBDS_CIVILITY/LongitudinalConnectome_PostRegError/jsonFilesForCivility/TABLE_Destrieux_SubCorticals_BrainStem.json,/work/maria5/EBDS_CIVILITY/LongitudinalConnectome_PostRegError/PreCIVILITY/Twin/6Yr/T42/T2QCGood/T0067-1-1-6yr/Input_Civility_DWISpace/stx_T0067-1-1-6yr_T1_CombinedSurface_white_Destrieux_WithSubcorticals.vtk,Destrieux,TRUE,FALSE,"""-P 1000 --steplength=0.75 --sampvox=0.5""","""--mem=50g"""
T0067-1-2-6yr_DestFinal_Resub,/work/maria5/EBDS_CIVILITY/LongitudinalConnectome_PostRegError/PreCIVILITY/Twin/6Yr/T42/T2QCGood/T0067-1-2-6yr/Input_Civility_DWISpace/T0067-1-2-6yr_42_DWI_QCed_VC_1mm.nrrd,/work/maria5/EBDS_CIVILITY/LongitudinalConnectome_PostRegError/PreCIVILITY/Twin/6Yr/T42/T2QCGood/T0067-1-2-6yr/T1ToDWISpace/00_QC_Visualization/T0067-1-2-6yr_T1_SkullStripped_scaled_DWISpace.nrrd,/work/maria5/EBDS_CIVILITY/LongitudinalConnectome_PostRegError/PreCIVILITY/Twin/6Yr/T42/T2QCGood/T0067-1-2-6yr/Input_Civility_DWISpace/T0067-1-2-6yr_Original_DWI_BrainMask_1mm.nrrd,/work/maria5/EBDS_CIVILITY/LongitudinalConnectome_PostRegError/jsonFilesForCivility/TABLE_Destrieux_SubCorticals_BrainStem.json,/work/maria5/EBDS_CIVILITY/LongitudinalConnectome_PostRegError/PreCIVILITY/Twin/6Yr/T42/T2QCGood/T0067-1-2-6yr/Input_Civility_DWISpace/stx_T0067-1-2-6yr_T1_CombinedSurface_white_Destrieux_WithSubcorticals.vtk,Destrieux,TRUE,FALSE,"""-P 1000 --steplength=0.75 --sampvox=0.5""","""--mem=50g"""
T0068-1-1-6yr_DestFinal_Resub,/work/maria5/EBDS_CIVILITY/LongitudinalConnectome_PostRegError/PreCIVILITY/Twin/6Yr/T42/T2QCGood/T0068-1-1-6yr/Input_Civility_DWISpace/T0068-1-1-6yr_42_DWI_QCed_VC_1mm.nrrd,/work/maria5/EBDS_CIVILITY/LongitudinalConnectome_PostRegError/PreCIVILITY/Twin/6Yr/T42/T2QCGood/T0068-1-1-6yr/T1ToDWISpace/00_QC_Visualization/T0068-1-1-6yr_T1_SkullStripped_scaled_DWISpace.nrrd,/work/maria5/EBDS_CIVILITY/LongitudinalConnectome_PostRegError/PreCIVILITY/Twin/6Yr/T42/T2QCGood/T0068-1-1-6yr/Input_Civility_DWISpace/T0068-1-1-6yr_Original_DWI_BrainMask_1mm.nrrd,/work/maria5/EBDS_CIVILITY/LongitudinalConnectome_PostRegError/jsonFilesForCivility/TABLE_Destrieux_SubCorticals_BrainStem.json,/work/maria5/EBDS_CIVILITY/LongitudinalConnectome_PostRegError/PreCIVILITY/Twin/6Yr/T42/T2QCGood/T0068-1-1-6yr/Input_Civility_DWISpace/stx_T0068-1-1-6yr_T1_CombinedSurface_white_Destrieux_WithSubcorticals.vtk,Destrieux,TRUE,FALSE,"""-P 1000 --steplength=0.75 --sampvox=0.5""","""--mem=50g"""
T0068-1-2-6yr_DestFinal_Resub,/work/maria5/EBDS_CIVILITY/LongitudinalConnectome_PostRegError/PreCIVILITY/Twin/6Yr/T42/T2QCFair/T0068-1-2-6yr/Input_Civility_DWISpace/T0068-1-2-6yr_42_DWI_QCed_VC_1mm.nrrd,/work/maria5/EBDS_CIVILITY/LongitudinalConnectome_PostRegError/PreCIVILITY/Twin/6Yr/T42/T2QCFair/T0068-1-2-6yr/T1ToDWISpace/00_QC_Visualization/T0068-1-2-6yr_T1_SkullStripped_scaled_DWISpace.nrrd,/work/maria5/EBDS_CIVILITY/LongitudinalConnectome_PostRegError/PreCIVILITY/Twin/6Yr/T42/T2QCFair/T0068-1-2-6yr/Input_Civility_DWISpace/T0068-1-2-6yr_Original_DWI_BrainMask_1mm.nrrd,/work/maria5/EBDS_CIVILITY/LongitudinalConnectome_PostRegError/jsonFilesForCivility/TABLE_Destrieux_SubCorticals_BrainStem.json,/work/maria5/EBDS_CIVILITY/LongitudinalConnectome_PostRegError/PreCIVILITY/Twin/6Yr/T42/T2QCFair/T0068-1-2-6yr/Input_Civility_DWISpace/stx_T0068-1-2-6yr_T1_CombinedSurface_white_Destrieux_WithSubcorticals.vtk,Destrieux,TRUE,FALSE,"""-P 1000 --steplength=0.75 --sampvox=0.5""","""--mem=50g"""
T0072-1-1-6yr_DestFinal_Resub,/work/maria5/EBDS_CIVILITY/LongitudinalConnectome_PostRegError/PreCIVILITY/Twin/6Yr/T42/T2QCFair/T0072-1-1-6yr/Input_Civility_DWISpace/T0072-1-1-6yr_42_DWI_QCed_VC_1mm.nrrd,/work/maria5/EBDS_CIVILITY/LongitudinalConnectome_PostRegError/PreCIVILITY/Twin/6Yr/T42/T2QCFair/T0072-1-1-6yr/T1ToDWISpace/00_QC_Visualization/T0072-1-1-6yr_T1_SkullStripped_scaled_DWISpace.nrrd,/work/maria5/EBDS_CIVILITY/LongitudinalConnectome_PostRegError/PreCIVILITY/Twin/6Yr/T42/T2QCFair/T0072-1-1-6yr/Input_Civility_DWISpace/T0072-1-1-6yr_Original_DWI_BrainMask_1mm.nrrd,/work/maria5/EBDS_CIVILITY/LongitudinalConnectome_PostRegError/jsonFilesForCivility/TABLE_Destrieux_SubCorticals_BrainStem.json,/work/maria5/EBDS_CIVILITY/LongitudinalConnectome_PostRegError/PreCIVILITY/Twin/6Yr/T42/T2QCFair/T0072-1-1-6yr/Input_Civility_DWISpace/stx_T0072-1-1-6yr_T1_CombinedSurface_white_Destrieux_WithSubcorticals.vtk,Destrieux,TRUE,FALSE,"""-P 1000 --steplength=0.75 --sampvox=0.5""","""--mem=50g"""
T0075-1-1-6yr_DestFinal_Resub,/work/maria5/EBDS_CIVILITY/LongitudinalConnectome_PostRegError/PreCIVILITY/Twin/6Yr/T42/T2QCPoor/T0075-1-1-6yr/Input_Civility_DWISpace/T0075-1-1-6yr_42_DWI_QCed_VC_1mm.nrrd,/work/maria5/EBDS_CIVILITY/LongitudinalConnectome_PostRegError/PreCIVILITY/Twin/6Yr/T42/T2QCPoor/T0075-1-1-6yr/T1ToDWISpace/00_QC_Visualization/T0075-1-1-6yr_T1_SkullStripped_scaled_DWISpace.nrrd,/work/maria5/EBDS_CIVILITY/LongitudinalConnectome_PostRegError/PreCIVILITY/Twin/6Yr/T42/T2QCPoor/T0075-1-1-6yr/Input_Civility_DWISpace/T0075-1-1-6yr_Original_DWI_BrainMask_1mm.nrrd,/work/maria5/EBDS_CIVILITY/LongitudinalConnectome_PostRegError/jsonFilesForCivility/TABLE_Destrieux_SubCorticals_BrainStem.json,/work/maria5/EBDS_CIVILITY/LongitudinalConnectome_PostRegError/PreCIVILITY/Twin/6Yr/T42/T2QCPoor/T0075-1-1-6yr/Input_Civility_DWISpace/stx_T0075-1-1-6yr_T1_CombinedSurface_white_Destrieux_WithSubcorticals.vtk,Destrieux,TRUE,FALSE,"""-P 1000 --steplength=0.75 --sampvox=0.5""","""--mem=50g"""
T0075-1-2-6yr_DestFinal_Resub,/work/maria5/EBDS_CIVILITY/LongitudinalConnectome_PostRegError/PreCIVILITY/Twin/6Yr/T42/T2QCFair/T0075-1-2-6yr/Input_Civility_DWISpace/T0075-1-2-6yr_42_DWI_QCed_VC_1mm.nrrd,/work/maria5/EBDS_CIVILITY/LongitudinalConnectome_PostRegError/PreCIVILITY/Twin/6Yr/T42/T2QCFair/T0075-1-2-6yr/T1ToDWISpace/00_QC_Visualization/T0075-1-2-6yr_T1_SkullStripped_scaled_DWISpace.nrrd,/work/maria5/EBDS_CIVILITY/LongitudinalConnectome_PostRegError/PreCIVILITY/Twin/6Yr/T42/T2QCFair/T0075-1-2-6yr/Input_Civility_DWISpace/T0075-1-2-6yr_Original_DWI_BrainMask_1mm.nrrd,/work/maria5/EBDS_CIVILITY/LongitudinalConnectome_PostRegError/jsonFilesForCivility/TABLE_Destrieux_SubCorticals_BrainStem.json,/work/maria5/EBDS_CIVILITY/LongitudinalConnectome_PostRegError/PreCIVILITY/Twin/6Yr/T42/T2QCFair/T0075-1-2-6yr/Input_Civility_DWISpace/stx_T0075-1-2-6yr_T1_CombinedSurface_white_Destrieux_WithSubcorticals.vtk,Destrieux,TRUE,FALSE,"""-P 1000 --steplength=0.75 --sampvox=0.5""","""--mem=50g"""
T0076-1-1-6yr_DestFinal_Resub,/work/maria5/EBDS_CIVILITY/LongitudinalConnectome_PostRegError/PreCIVILITY/Twin/6Yr/T42/T2QCVeryPoor/T0076-1-1-6yr/Input_Civility_DWISpace/T0076-1-1-6yr_42_DWI_QCed_VC_1mm.nrrd,/work/maria5/EBDS_CIVILITY/LongitudinalConnectome_PostRegError/PreCIVILITY/Twin/6Yr/T42/T2QCVeryPoor/T0076-1-1-6yr/T1ToDWISpace/00_QC_Visualization/T0076-1-1-6yr_T1_SkullStripped_scaled_DWISpace.nrrd,/work/maria5/EBDS_CIVILITY/LongitudinalConnectome_PostRegError/PreCIVILITY/Twin/6Yr/T42/T2QCVeryPoor/T0076-1-1-6yr/Input_Civility_DWISpace/T0076-1-1-6yr_Original_DWI_BrainMask_1mm.nrrd,/work/maria5/EBDS_CIVILITY/LongitudinalConnectome_PostRegError/jsonFilesForCivility/TABLE_Destrieux_SubCorticals_BrainStem.json,/work/maria5/EBDS_CIVILITY/LongitudinalConnectome_PostRegError/PreCIVILITY/Twin/6Yr/T42/T2QCVeryPoor/T0076-1-1-6yr/Input_Civility_DWISpace/stx_T0076-1-1-6yr_T1_CombinedSurface_white_Destrieux_WithSubcorticals.vtk,Destrieux,TRUE,FALSE,"""-P 1000 --steplength=0.75 --sampvox=0.5""","""--mem=50g"""
T0076-1-2-6yr_DestFinal_Resub,/work/maria5/EBDS_CIVILITY/LongitudinalConnectome_PostRegError/PreCIVILITY/Twin/6Yr/T42/T2QCVeryPoor/T0076-1-2-6yr/Input_Civility_DWISpace/T0076-1-2-6yr_42_DWI_QCed_VC_1mm.nrrd,/work/maria5/EBDS_CIVILITY/LongitudinalConnectome_PostRegError/PreCIVILITY/Twin/6Yr/T42/T2QCVeryPoor/T0076-1-2-6yr/T1ToDWISpace/00_QC_Visualization/T0076-1-2-6yr_T1_SkullStripped_scaled_DWISpace.nrrd,/work/maria5/EBDS_CIVILITY/LongitudinalConnectome_PostRegError/PreCIVILITY/Twin/6Yr/T42/T2QCVeryPoor/T0076-1-2-6yr/Input_Civility_DWISpace/T0076-1-2-6yr_Original_DWI_BrainMask_1mm.nrrd,/work/maria5/EBDS_CIVILITY/LongitudinalConnectome_PostRegError/jsonFilesForCivility/TABLE_Destrieux_SubCorticals_BrainStem.json,/work/maria5/EBDS_CIVILITY/LongitudinalConnectome_PostRegError/PreCIVILITY/Twin/6Yr/T42/T2QCVeryPoor/T0076-1-2-6yr/Input_Civility_DWISpace/stx_T0076-1-2-6yr_T1_CombinedSurface_white_Destrieux_WithSubcorticals.vtk,Destrieux,TRUE,FALSE,"""-P 1000 --steplength=0.75 --sampvox=0.5""","""--mem=50g"""
T0077-1-1-6yr_DestFinal_Resub,/work/maria5/EBDS_CIVILITY/LongitudinalConnectome_PostRegError/PreCIVILITY/Twin/6Yr/T42/T2QCGood/T0077-1-1-6yr/Input_Civility_DWISpace/T0077-1-1-6yr_42_DWI_QCed_VC_1mm.nrrd,/work/maria5/EBDS_CIVILITY/LongitudinalConnectome_PostRegError/PreCIVILITY/Twin/6Yr/T42/T2QCGood/T0077-1-1-6yr/T1ToDWISpace/00_QC_Visualization/T0077-1-1-6yr_T1_SkullStripped_scaled_DWISpace.nrrd,/work/maria5/EBDS_CIVILITY/LongitudinalConnectome_PostRegError/PreCIVILITY/Twin/6Yr/T42/T2QCGood/T0077-1-1-6yr/Input_Civility_DWISpace/T0077-1-1-6yr_Original_DWI_BrainMask_1mm.nrrd,/work/maria5/EBDS_CIVILITY/LongitudinalConnectome_PostRegError/jsonFilesForCivility/TABLE_Destrieux_SubCorticals_BrainStem.json,/work/maria5/EBDS_CIVILITY/LongitudinalConnectome_PostRegError/PreCIVILITY/Twin/6Yr/T42/T2QCGood/T0077-1-1-6yr/Input_Civility_DWISpace/stx_T0077-1-1-6yr_T1_CombinedSurface_white_Destrieux_WithSubcorticals.vtk,Destrieux,TRUE,FALSE,"""-P 1000 --steplength=0.75 --sampvox=0.5""","""--mem=50g"""
T0077-1-2-6yr_DestFinal_Resub,/work/maria5/EBDS_CIVILITY/LongitudinalConnectome_PostRegError/PreCIVILITY/Twin/6Yr/T42/T2QCPoor/T0077-1-2-6yr/Input_Civility_DWISpace/T0077-1-2-6yr_42_DWI_QCed_VC_1mm.nrrd,/work/maria5/EBDS_CIVILITY/LongitudinalConnectome_PostRegError/PreCIVILITY/Twin/6Yr/T42/T2QCPoor/T0077-1-2-6yr/T1ToDWISpace/00_QC_Visualization/T0077-1-2-6yr_T1_SkullStripped_scaled_DWISpace.nrrd,/work/maria5/EBDS_CIVILITY/LongitudinalConnectome_PostRegError/PreCIVILITY/Twin/6Yr/T42/T2QCPoor/T0077-1-2-6yr/Input_Civility_DWISpace/T0077-1-2-6yr_Original_DWI_BrainMask_1mm.nrrd,/work/maria5/EBDS_CIVILITY/LongitudinalConnectome_PostRegError/jsonFilesForCivility/TABLE_Destrieux_SubCorticals_BrainStem.json,/work/maria5/EBDS_CIVILITY/LongitudinalConnectome_PostRegError/PreCIVILITY/Twin/6Yr/T42/T2QCPoor/T0077-1-2-6yr/Input_Civility_DWISpace/stx_T0077-1-2-6yr_T1_CombinedSurface_white_Destrieux_WithSubcorticals.vtk,Destrieux,TRUE,FALSE,"""-P 1000 --steplength=0.75 --sampvox=0.5""","""--mem=50g"""
T0079-1-1-6yr_DestFinal_Resub,/work/maria5/EBDS_CIVILITY/LongitudinalConnectome_PostRegError/PreCIVILITY/Twin/6Yr/T42/T2QCPoor/T0079-1-1-6yr/Input_Civility_DWISpace/T0079-1-1-6yr_42_DWI_QCed_VC_1mm.nrrd,/work/maria5/EBDS_CIVILITY/LongitudinalConnectome_PostRegError/PreCIVILITY/Twin/6Yr/T42/T2QCPoor/T0079-1-1-6yr/T1ToDWISpace/00_QC_Visualization/T0079-1-1-6yr_T1_SkullStripped_scaled_DWISpace.nrrd,/work/maria5/EBDS_CIVILITY/LongitudinalConnectome_PostRegError/PreCIVILITY/Twin/6Yr/T42/T2QCPoor/T0079-1-1-6yr/Input_Civility_DWISpace/T0079-1-1-6yr_Original_DWI_BrainMask_1mm.nrrd,/work/maria5/EBDS_CIVILITY/LongitudinalConnectome_PostRegError/jsonFilesForCivility/TABLE_Destrieux_SubCorticals_BrainStem.json,/work/maria5/EBDS_CIVILITY/LongitudinalConnectome_PostRegError/PreCIVILITY/Twin/6Yr/T42/T2QCPoor/T0079-1-1-6yr/Input_Civility_DWISpace/stx_T0079-1-1-6yr_T1_CombinedSurface_white_Destrieux_WithSubcorticals.vtk,Destrieux,TRUE,FALSE,"""-P 1000 --steplength=0.75 --sampvox=0.5""","""--mem=50g"""
T0079-1-2-6yr_DestFinal_Resub,/work/maria5/EBDS_CIVILITY/LongitudinalConnectome_PostRegError/PreCIVILITY/Twin/6Yr/T42/T2QCFair/T0079-1-2-6yr/Input_Civility_DWISpace/T0079-1-2-6yr_42_DWI_QCed_VC_1mm.nrrd,/work/maria5/EBDS_CIVILITY/LongitudinalConnectome_PostRegError/PreCIVILITY/Twin/6Yr/T42/T2QCFair/T0079-1-2-6yr/T1ToDWISpace/00_QC_Visualization/T0079-1-2-6yr_T1_SkullStripped_scaled_DWISpace.nrrd,/work/maria5/EBDS_CIVILITY/LongitudinalConnectome_PostRegError/PreCIVILITY/Twin/6Yr/T42/T2QCFair/T0079-1-2-6yr/Input_Civility_DWISpace/T0079-1-2-6yr_Original_DWI_BrainMask_1mm.nrrd,/work/maria5/EBDS_CIVILITY/LongitudinalConnectome_PostRegError/jsonFilesForCivility/TABLE_Destrieux_SubCorticals_BrainStem.json,/work/maria5/EBDS_CIVILITY/LongitudinalConnectome_PostRegError/PreCIVILITY/Twin/6Yr/T42/T2QCFair/T0079-1-2-6yr/Input_Civility_DWISpace/stx_T0079-1-2-6yr_T1_CombinedSurface_white_Destrieux_WithSubcorticals.vtk,Destrieux,TRUE,FALSE,"""-P 1000 --steplength=0.75 --sampvox=0.5""","""--mem=50g"""
T0081-1-1-6yr_DestFinal_Resub,/work/maria5/EBDS_CIVILITY/LongitudinalConnectome_PostRegError/PreCIVILITY/Twin/6Yr/T42/T2QCPoor/T0081-1-1-6yr/Input_Civility_DWISpace/T0081-1-1-6yr_42_DWI_QCed_VC_1mm.nrrd,/work/maria5/EBDS_CIVILITY/LongitudinalConnectome_PostRegError/PreCIVILITY/Twin/6Yr/T42/T2QCPoor/T0081-1-1-6yr/T1ToDWISpace/00_QC_Visualization/T0081-1-1-6yr_T1_SkullStripped_scaled_DWISpace.nrrd,/work/maria5/EBDS_CIVILITY/LongitudinalConnectome_PostRegError/PreCIVILITY/Twin/6Yr/T42/T2QCPoor/T0081-1-1-6yr/Input_Civility_DWISpace/T0081-1-1-6yr_Original_DWI_BrainMask_1mm.nrrd,/work/maria5/EBDS_CIVILITY/LongitudinalConnectome_PostRegError/jsonFilesForCivility/TABLE_Destrieux_SubCorticals_BrainStem.json,/work/maria5/EBDS_CIVILITY/LongitudinalConnectome_PostRegError/PreCIVILITY/Twin/6Yr/T42/T2QCPoor/T0081-1-1-6yr/Input_Civility_DWISpace/stx_T0081-1-1-6yr_T1_CombinedSurface_white_Destrieux_WithSubcorticals.vtk,Destrieux,TRUE,FALSE,"""-P 1000 --steplength=0.75 --sampvox=0.5""","""--mem=50g"""
T0081-1-2-6yr_DestFinal_Resub,/work/maria5/EBDS_CIVILITY/LongitudinalConnectome_PostRegError/PreCIVILITY/Twin/6Yr/T42/T2QCVeryPoor/T0081-1-2-6yr/Input_Civility_DWISpace/T0081-1-2-6yr_42_DWI_QCed_VC_1mm.nrrd,/work/maria5/EBDS_CIVILITY/LongitudinalConnectome_PostRegError/PreCIVILITY/Twin/6Yr/T42/T2QCVeryPoor/T0081-1-2-6yr/T1ToDWISpace/00_QC_Visualization/T0081-1-2-6yr_T1_SkullStripped_scaled_DWISpace.nrrd,/work/maria5/EBDS_CIVILITY/LongitudinalConnectome_PostRegError/PreCIVILITY/Twin/6Yr/T42/T2QCVeryPoor/T0081-1-2-6yr/Input_Civility_DWISpace/T0081-1-2-6yr_Original_DWI_BrainMask_1mm.nrrd,/work/maria5/EBDS_CIVILITY/LongitudinalConnectome_PostRegError/jsonFilesForCivility/TABLE_Destrieux_SubCorticals_BrainStem.json,/work/maria5/EBDS_CIVILITY/LongitudinalConnectome_PostRegError/PreCIVILITY/Twin/6Yr/T42/T2QCVeryPoor/T0081-1-2-6yr/Input_Civility_DWISpace/stx_T0081-1-2-6yr_T1_CombinedSurface_white_Destrieux_WithSubcorticals.vtk,Destrieux,TRUE,FALSE,"""-P 1000 --steplength=0.75 --sampvox=0.5""","""--mem=50g"""
T0083-1-1-6yr_DestFinal_Resub,/work/maria5/EBDS_CIVILITY/LongitudinalConnectome_PostRegError/PreCIVILITY/Twin/6Yr/T42/T2QCFair/T0083-1-1-6yr/Input_Civility_DWISpace/T0083-1-1-6yr_42_DWI_QCed_VC_1mm.nrrd,/work/maria5/EBDS_CIVILITY/LongitudinalConnectome_PostRegError/PreCIVILITY/Twin/6Yr/T42/T2QCFair/T0083-1-1-6yr/T1ToDWISpace/00_QC_Visualization/T0083-1-1-6yr_T1_SkullStripped_scaled_DWISpace.nrrd,/work/maria5/EBDS_CIVILITY/LongitudinalConnectome_PostRegError/PreCIVILITY/Twin/6Yr/T42/T2QCFair/T0083-1-1-6yr/Input_Civility_DWISpace/T0083-1-1-6yr_Original_DWI_BrainMask_1mm.nrrd,/work/maria5/EBDS_CIVILITY/LongitudinalConnectome_PostRegError/jsonFilesForCivility/TABLE_Destrieux_SubCorticals_BrainStem.json,/work/maria5/EBDS_CIVILITY/LongitudinalConnectome_PostRegError/PreCIVILITY/Twin/6Yr/T42/T2QCFair/T0083-1-1-6yr/Input_Civility_DWISpace/stx_T0083-1-1-6yr_T1_CombinedSurface_white_Destrieux_WithSubcorticals.vtk,Destrieux,TRUE,FALSE,"""-P 1000 --steplength=0.75 --sampvox=0.5""","""--mem=50g"""
T0083-1-2-6yr_DestFinal_Resub,/work/maria5/EBDS_CIVILITY/LongitudinalConnectome_PostRegError/PreCIVILITY/Twin/6Yr/T42/T2QCVeryPoor/T0083-1-2-6yr/Input_Civility_DWISpace/T0083-1-2-6yr_42_DWI_QCed_VC_1mm.nrrd,/work/maria5/EBDS_CIVILITY/LongitudinalConnectome_PostRegError/PreCIVILITY/Twin/6Yr/T42/T2QCVeryPoor/T0083-1-2-6yr/T1ToDWISpace/00_QC_Visualization/T0083-1-2-6yr_T1_SkullStripped_scaled_DWISpace.nrrd,/work/maria5/EBDS_CIVILITY/LongitudinalConnectome_PostRegError/PreCIVILITY/Twin/6Yr/T42/T2QCVeryPoor/T0083-1-2-6yr/Input_Civility_DWISpace/T0083-1-2-6yr_Original_DWI_BrainMask_1mm.nrrd,/work/maria5/EBDS_CIVILITY/LongitudinalConnectome_PostRegError/jsonFilesForCivility/TABLE_Destrieux_SubCorticals_BrainStem.json,/work/maria5/EBDS_CIVILITY/LongitudinalConnectome_PostRegError/PreCIVILITY/Twin/6Yr/T42/T2QCVeryPoor/T0083-1-2-6yr/Input_Civility_DWISpace/stx_T0083-1-2-6yr_T1_CombinedSurface_white_Destrieux_WithSubcorticals.vtk,Destrieux,TRUE,FALSE,"""-P 1000 --steplength=0.75 --sampvox=0.5""","""--mem=50g"""
T0084-1-1-6yr_DestFinal_Resub,/work/maria5/EBDS_CIVILITY/LongitudinalConnectome_PostRegError/PreCIVILITY/Twin/6Yr/T42/T2QCPoor/T0084-1-1-6yr/Input_Civility_DWISpace/T0084-1-1-6yr_42_DWI_QCed_VC_1mm.nrrd,/work/maria5/EBDS_CIVILITY/LongitudinalConnectome_PostRegError/PreCIVILITY/Twin/6Yr/T42/T2QCPoor/T0084-1-1-6yr/T1ToDWISpace/00_QC_Visualization/T0084-1-1-6yr_T1_SkullStripped_scaled_DWISpace.nrrd,/work/maria5/EBDS_CIVILITY/LongitudinalConnectome_PostRegError/PreCIVILITY/Twin/6Yr/T42/T2QCPoor/T0084-1-1-6yr/Input_Civility_DWISpace/T0084-1-1-6yr_Original_DWI_BrainMask_1mm.nrrd,/work/maria5/EBDS_CIVILITY/LongitudinalConnectome_PostRegError/jsonFilesForCivility/TABLE_Destrieux_SubCorticals_BrainStem.json,/work/maria5/EBDS_CIVILITY/LongitudinalConnectome_PostRegError/PreCIVILITY/Twin/6Yr/T42/T2QCPoor/T0084-1-1-6yr/Input_Civility_DWISpace/stx_T0084-1-1-6yr_T1_CombinedSurface_white_Destrieux_WithSubcorticals.vtk,Destrieux,TRUE,FALSE,"""-P 1000 --steplength=0.75 --sampvox=0.5""","""--mem=50g"""
T0084-1-2-6yr_DestFinal_Resub,/work/maria5/EBDS_CIVILITY/LongitudinalConnectome_PostRegError/PreCIVILITY/Twin/6Yr/T42/T2QCGood/T0084-1-2-6yr/Input_Civility_DWISpace/T0084-1-2-6yr_42_DWI_QCed_VC_1mm.nrrd,/work/maria5/EBDS_CIVILITY/LongitudinalConnectome_PostRegError/PreCIVILITY/Twin/6Yr/T42/T2QCGood/T0084-1-2-6yr/T1ToDWISpace/00_QC_Visualization/T0084-1-2-6yr_T1_SkullStripped_scaled_DWISpace.nrrd,/work/maria5/EBDS_CIVILITY/LongitudinalConnectome_PostRegError/PreCIVILITY/Twin/6Yr/T42/T2QCGood/T0084-1-2-6yr/Input_Civility_DWISpace/T0084-1-2-6yr_Original_DWI_BrainMask_1mm.nrrd,/work/maria5/EBDS_CIVILITY/LongitudinalConnectome_PostRegError/jsonFilesForCivility/TABLE_Destrieux_SubCorticals_BrainStem.json,/work/maria5/EBDS_CIVILITY/LongitudinalConnectome_PostRegError/PreCIVILITY/Twin/6Yr/T42/T2QCGood/T0084-1-2-6yr/Input_Civility_DWISpace/stx_T0084-1-2-6yr_T1_CombinedSurface_white_Destrieux_WithSubcorticals.vtk,Destrieux,TRUE,FALSE,"""-P 1000 --steplength=0.75 --sampvox=0.5""","""--mem=50g"""
T0088-1-2-6yr_DestFinal_Resub,/work/maria5/EBDS_CIVILITY/LongitudinalConnectome_PostRegError/PreCIVILITY/Twin/6Yr/T42/T2QCGood/T0088-1-2-6yr/Input_Civility_DWISpace/T0088-1-2-6yr_42_DWI_QCed_VC_1mm.nrrd,/work/maria5/EBDS_CIVILITY/LongitudinalConnectome_PostRegError/PreCIVILITY/Twin/6Yr/T42/T2QCGood/T0088-1-2-6yr/T1ToDWISpace/00_QC_Visualization/T0088-1-2-6yr_T1_SkullStripped_scaled_DWISpace.nrrd,/work/maria5/EBDS_CIVILITY/LongitudinalConnectome_PostRegError/PreCIVILITY/Twin/6Yr/T42/T2QCGood/T0088-1-2-6yr/Input_Civility_DWISpace/T0088-1-2-6yr_Original_DWI_BrainMask_1mm.nrrd,/work/maria5/EBDS_CIVILITY/LongitudinalConnectome_PostRegError/jsonFilesForCivility/TABLE_Destrieux_SubCorticals_BrainStem.json,/work/maria5/EBDS_CIVILITY/LongitudinalConnectome_PostRegError/PreCIVILITY/Twin/6Yr/T42/T2QCGood/T0088-1-2-6yr/Input_Civility_DWISpace/stx_T0088-1-2-6yr_T1_CombinedSurface_white_Destrieux_WithSubcorticals.vtk,Destrieux,TRUE,FALSE,"""-P 1000 --steplength=0.75 --sampvox=0.5""","""--mem=50g"""
T0089-1-1-6yr_DestFinal_Resub,/work/maria5/EBDS_CIVILITY/LongitudinalConnectome_PostRegError/PreCIVILITY/Twin/6Yr/T42/T2QCFair/T0089-1-1-6yr/Input_Civility_DWISpace/T0089-1-1-6yr_42_DWI_QCed_VC_1mm.nrrd,/work/maria5/EBDS_CIVILITY/LongitudinalConnectome_PostRegError/PreCIVILITY/Twin/6Yr/T42/T2QCFair/T0089-1-1-6yr/T1ToDWISpace/00_QC_Visualization/T0089-1-1-6yr_T1_SkullStripped_scaled_DWISpace.nrrd,/work/maria5/EBDS_CIVILITY/LongitudinalConnectome_PostRegError/PreCIVILITY/Twin/6Yr/T42/T2QCFair/T0089-1-1-6yr/Input_Civility_DWISpace/T0089-1-1-6yr_Original_DWI_BrainMask_1mm.nrrd,/work/maria5/EBDS_CIVILITY/LongitudinalConnectome_PostRegError/jsonFilesForCivility/TABLE_Destrieux_SubCorticals_BrainStem.json,/work/maria5/EBDS_CIVILITY/LongitudinalConnectome_PostRegError/PreCIVILITY/Twin/6Yr/T42/T2QCFair/T0089-1-1-6yr/Input_Civility_DWISpace/stx_T0089-1-1-6yr_T1_CombinedSurface_white_Destrieux_WithSubcorticals.vtk,Destrieux,TRUE,FALSE,"""-P 1000 --steplength=0.75 --sampvox=0.5""","""--mem=50g"""
T0089-1-2-6yr_DestFinal_Resub,/work/maria5/EBDS_CIVILITY/LongitudinalConnectome_PostRegError/PreCIVILITY/Twin/6Yr/T42/T2QCGood/T0089-1-2-6yr/Input_Civility_DWISpace/T0089-1-2-6yr_42_DWI_QCed_VC_1mm.nrrd,/work/maria5/EBDS_CIVILITY/LongitudinalConnectome_PostRegError/PreCIVILITY/Twin/6Yr/T42/T2QCGood/T0089-1-2-6yr/T1ToDWISpace/00_QC_Visualization/T0089-1-2-6yr_T1_SkullStripped_scaled_DWISpace.nrrd,/work/maria5/EBDS_CIVILITY/LongitudinalConnectome_PostRegError/PreCIVILITY/Twin/6Yr/T42/T2QCGood/T0089-1-2-6yr/Input_Civility_DWISpace/T0089-1-2-6yr_Original_DWI_BrainMask_1mm.nrrd,/work/maria5/EBDS_CIVILITY/LongitudinalConnectome_PostRegError/jsonFilesForCivility/TABLE_Destrieux_SubCorticals_BrainStem.json,/work/maria5/EBDS_CIVILITY/LongitudinalConnectome_PostRegError/PreCIVILITY/Twin/6Yr/T42/T2QCGood/T0089-1-2-6yr/Input_Civility_DWISpace/stx_T0089-1-2-6yr_T1_CombinedSurface_white_Destrieux_WithSubcorticals.vtk,Destrieux,TRUE,FALSE,"""-P 1000 --steplength=0.75 --sampvox=0.5""","""--mem=50g"""
T0092-1-1-6yr_DestFinal_Resub,/work/maria5/EBDS_CIVILITY/LongitudinalConnectome_PostRegError/PreCIVILITY/Twin/6Yr/T42/T2QCVeryPoor/T0092-1-1-6yr/Input_Civility_DWISpace/T0092-1-1-6yr_42_DWI_QCed_VC_1mm.nrrd,/work/maria5/EBDS_CIVILITY/LongitudinalConnectome_PostRegError/PreCIVILITY/Twin/6Yr/T42/T2QCVeryPoor/T0092-1-1-6yr/T1ToDWISpace/00_QC_Visualization/T0092-1-1-6yr_T1_SkullStripped_scaled_DWISpace.nrrd,/work/maria5/EBDS_CIVILITY/LongitudinalConnectome_PostRegError/PreCIVILITY/Twin/6Yr/T42/T2QCVeryPoor/T0092-1-1-6yr/Input_Civility_DWISpace/T0092-1-1-6yr_Original_DWI_BrainMask_1mm.nrrd,/work/maria5/EBDS_CIVILITY/LongitudinalConnectome_PostRegError/jsonFilesForCivility/TABLE_Destrieux_SubCorticals_BrainStem.json,/work/maria5/EBDS_CIVILITY/LongitudinalConnectome_PostRegError/PreCIVILITY/Twin/6Yr/T42/T2QCVeryPoor/T0092-1-1-6yr/Input_Civility_DWISpace/stx_T0092-1-1-6yr_T1_CombinedSurface_white_Destrieux_WithSubcorticals.vtk,Destrieux,TRUE,FALSE,"""-P 1000 --steplength=0.75 --sampvox=0.5""","""--mem=50g"""
T0092-1-2-6yr_DestFinal_Resub,/work/maria5/EBDS_CIVILITY/LongitudinalConnectome_PostRegError/PreCIVILITY/Twin/6Yr/T42/T2QCFair/T0092-1-2-6yr/Input_Civility_DWISpace/T0092-1-2-6yr_42_DWI_QCed_VC_1mm.nrrd,/work/maria5/EBDS_CIVILITY/LongitudinalConnectome_PostRegError/PreCIVILITY/Twin/6Yr/T42/T2QCFair/T0092-1-2-6yr/T1ToDWISpace/00_QC_Visualization/T0092-1-2-6yr_T1_SkullStripped_scaled_DWISpace.nrrd,/work/maria5/EBDS_CIVILITY/LongitudinalConnectome_PostRegError/PreCIVILITY/Twin/6Yr/T42/T2QCFair/T0092-1-2-6yr/Input_Civility_DWISpace/T0092-1-2-6yr_Original_DWI_BrainMask_1mm.nrrd,/work/maria5/EBDS_CIVILITY/LongitudinalConnectome_PostRegError/jsonFilesForCivility/TABLE_Destrieux_SubCorticals_BrainStem.json,/work/maria5/EBDS_CIVILITY/LongitudinalConnectome_PostRegError/PreCIVILITY/Twin/6Yr/T42/T2QCFair/T0092-1-2-6yr/Input_Civility_DWISpace/stx_T0092-1-2-6yr_T1_CombinedSurface_white_Destrieux_WithSubcorticals.vtk,Destrieux,TRUE,FALSE,"""-P 1000 --steplength=0.75 --sampvox=0.5""","""--mem=50g"""
T0094-1-1-6yr_DestFinal_Resub,/work/maria5/EBDS_CIVILITY/LongitudinalConnectome_PostRegError/PreCIVILITY/Twin/6Yr/T42/T2QCVeryPoor/T0094-1-1-6yr/Input_Civility_DWISpace/T0094-1-1-6yr_42_DWI_QCed_VC_1mm.nrrd,/work/maria5/EBDS_CIVILITY/LongitudinalConnectome_PostRegError/PreCIVILITY/Twin/6Yr/T42/T2QCVeryPoor/T0094-1-1-6yr/T1ToDWISpace/00_QC_Visualization/T0094-1-1-6yr_T1_SkullStripped_scaled_DWISpace.nrrd,/work/maria5/EBDS_CIVILITY/LongitudinalConnectome_PostRegError/PreCIVILITY/Twin/6Yr/T42/T2QCVeryPoor/T0094-1-1-6yr/Input_Civility_DWISpace/T0094-1-1-6yr_Original_DWI_BrainMask_1mm.nrrd,/work/maria5/EBDS_CIVILITY/LongitudinalConnectome_PostRegError/jsonFilesForCivility/TABLE_Destrieux_SubCorticals_BrainStem.json,/work/maria5/EBDS_CIVILITY/LongitudinalConnectome_PostRegError/PreCIVILITY/Twin/6Yr/T42/T2QCVeryPoor/T0094-1-1-6yr/Input_Civility_DWISpace/stx_T0094-1-1-6yr_T1_CombinedSurface_white_Destrieux_WithSubcorticals.vtk,Destrieux,TRUE,FALSE,"""-P 1000 --steplength=0.75 --sampvox=0.5""","""--mem=50g"""
T0094-1-2-6yr_DestFinal_Resub,/work/maria5/EBDS_CIVILITY/LongitudinalConnectome_PostRegError/PreCIVILITY/Twin/6Yr/T42/T2QCPoor/T0094-1-2-6yr/Input_Civility_DWISpace/T0094-1-2-6yr_42_DWI_QCed_VC_1mm.nrrd,/work/maria5/EBDS_CIVILITY/LongitudinalConnectome_PostRegError/PreCIVILITY/Twin/6Yr/T42/T2QCPoor/T0094-1-2-6yr/T1ToDWISpace/00_QC_Visualization/T0094-1-2-6yr_T1_SkullStripped_scaled_DWISpace.nrrd,/work/maria5/EBDS_CIVILITY/LongitudinalConnectome_PostRegError/PreCIVILITY/Twin/6Yr/T42/T2QCPoor/T0094-1-2-6yr/Input_Civility_DWISpace/T0094-1-2-6yr_Original_DWI_BrainMask_1mm.nrrd,/work/maria5/EBDS_CIVILITY/LongitudinalConnectome_PostRegError/jsonFilesForCivility/TABLE_Destrieux_SubCorticals_BrainStem.json,/work/maria5/EBDS_CIVILITY/LongitudinalConnectome_PostRegError/PreCIVILITY/Twin/6Yr/T42/T2QCPoor/T0094-1-2-6yr/Input_Civility_DWISpace/stx_T0094-1-2-6yr_T1_CombinedSurface_white_Destrieux_WithSubcorticals.vtk,Destrieux,TRUE,FALSE,"""-P 1000 --steplength=0.75 --sampvox=0.5""","""--mem=50g"""
T0100-1-2-6yr_DestFinal_Resub,/work/maria5/EBDS_CIVILITY/LongitudinalConnectome_PostRegError/PreCIVILITY/Twin/6Yr/T42/T2QCVeryPoor/T0100-1-2-6yr/Input_Civility_DWISpace/T0100-1-2-6yr_42_DWI_QCed_VC_1mm.nrrd,/work/maria5/EBDS_CIVILITY/LongitudinalConnectome_PostRegError/PreCIVILITY/Twin/6Yr/T42/T2QCVeryPoor/T0100-1-2-6yr/T1ToDWISpace/00_QC_Visualization/T0100-1-2-6yr_T1_SkullStripped_scaled_DWISpace.nrrd,/work/maria5/EBDS_CIVILITY/LongitudinalConnectome_PostRegError/PreCIVILITY/Twin/6Yr/T42/T2QCVeryPoor/T0100-1-2-6yr/Input_Civility_DWISpace/T0100-1-2-6yr_Original_DWI_BrainMask_1mm.nrrd,/work/maria5/EBDS_CIVILITY/LongitudinalConnectome_PostRegError/jsonFilesForCivility/TABLE_Destrieux_SubCorticals_BrainStem.json,/work/maria5/EBDS_CIVILITY/LongitudinalConnectome_PostRegError/PreCIVILITY/Twin/6Yr/T42/T2QCVeryPoor/T0100-1-2-6yr/Input_Civility_DWISpace/stx_T0100-1-2-6yr_T1_CombinedSurface_white_Destrieux_WithSubcorticals.vtk,Destrieux,TRUE,FALSE,"""-P 1000 --steplength=0.75 --sampvox=0.5""","""--mem=50g"""
T0101-1-1-6yr_DestFinal_Resub,/work/maria5/EBDS_CIVILITY/LongitudinalConnectome_PostRegError/PreCIVILITY/Twin/6Yr/T42/T2QCFair/T0101-1-1-6yr/Input_Civility_DWISpace/T0101-1-1-6yr_42_DWI_QCed_VC_1mm.nrrd,/work/maria5/EBDS_CIVILITY/LongitudinalConnectome_PostRegError/PreCIVILITY/Twin/6Yr/T42/T2QCFair/T0101-1-1-6yr/T1ToDWISpace/00_QC_Visualization/T0101-1-1-6yr_T1_SkullStripped_scaled_DWISpace.nrrd,/work/maria5/EBDS_CIVILITY/LongitudinalConnectome_PostRegError/PreCIVILITY/Twin/6Yr/T42/T2QCFair/T0101-1-1-6yr/Input_Civility_DWISpace/T0101-1-1-6yr_Original_DWI_BrainMask_1mm.nrrd,/work/maria5/EBDS_CIVILITY/LongitudinalConnectome_PostRegError/jsonFilesForCivility/TABLE_Destrieux_SubCorticals_BrainStem.json,/work/maria5/EBDS_CIVILITY/LongitudinalConnectome_PostRegError/PreCIVILITY/Twin/6Yr/T42/T2QCFair/T0101-1-1-6yr/Input_Civility_DWISpace/stx_T0101-1-1-6yr_T1_CombinedSurface_white_Destrieux_WithSubcorticals.vtk,Destrieux,TRUE,FALSE,"""-P 1000 --steplength=0.75 --sampvox=0.5""","""--mem=50g"""
T0101-1-2-6yr_DestFinal_Resub,/work/maria5/EBDS_CIVILITY/LongitudinalConnectome_PostRegError/PreCIVILITY/Twin/6Yr/T42/T2QCGood/T0101-1-2-6yr/Input_Civility_DWISpace/T0101-1-2-6yr_42_DWI_QCed_VC_1mm.nrrd,/work/maria5/EBDS_CIVILITY/LongitudinalConnectome_PostRegError/PreCIVILITY/Twin/6Yr/T42/T2QCGood/T0101-1-2-6yr/T1ToDWISpace/00_QC_Visualization/T0101-1-2-6yr_T1_SkullStripped_scaled_DWISpace.nrrd,/work/maria5/EBDS_CIVILITY/LongitudinalConnectome_PostRegError/PreCIVILITY/Twin/6Yr/T42/T2QCGood/T0101-1-2-6yr/Input_Civility_DWISpace/T0101-1-2-6yr_Original_DWI_BrainMask_1mm.nrrd,/work/maria5/EBDS_CIVILITY/LongitudinalConnectome_PostRegError/jsonFilesForCivility/TABLE_Destrieux_SubCorticals_BrainStem.json,/work/maria5/EBDS_CIVILITY/LongitudinalConnectome_PostRegError/PreCIVILITY/Twin/6Yr/T42/T2QCGood/T0101-1-2-6yr/Input_Civility_DWISpace/stx_T0101-1-2-6yr_T1_CombinedSurface_white_Destrieux_WithSubcorticals.vtk,Destrieux,TRUE,FALSE,"""-P 1000 --steplength=0.75 --sampvox=0.5""","""--mem=50g"""
T0102-1-1-6yr_DestFinal_Resub,/work/maria5/EBDS_CIVILITY/LongitudinalConnectome_PostRegError/PreCIVILITY/Twin/6Yr/T42/T2QCFair/T0102-1-1-6yr/Input_Civility_DWISpace/T0102-1-1-6yr_42_DWI_QCed_VC_1mm.nrrd,/work/maria5/EBDS_CIVILITY/LongitudinalConnectome_PostRegError/PreCIVILITY/Twin/6Yr/T42/T2QCFair/T0102-1-1-6yr/T1ToDWISpace/00_QC_Visualization/T0102-1-1-6yr_T1_SkullStripped_scaled_DWISpace.nrrd,/work/maria5/EBDS_CIVILITY/LongitudinalConnectome_PostRegError/PreCIVILITY/Twin/6Yr/T42/T2QCFair/T0102-1-1-6yr/Input_Civility_DWISpace/T0102-1-1-6yr_Original_DWI_BrainMask_1mm.nrrd,/work/maria5/EBDS_CIVILITY/LongitudinalConnectome_PostRegError/jsonFilesForCivility/TABLE_Destrieux_SubCorticals_BrainStem.json,/work/maria5/EBDS_CIVILITY/LongitudinalConnectome_PostRegError/PreCIVILITY/Twin/6Yr/T42/T2QCFair/T0102-1-1-6yr/Input_Civility_DWISpace/stx_T0102-1-1-6yr_T1_CombinedSurface_white_Destrieux_WithSubcorticals.vtk,Destrieux,TRUE,FALSE,"""-P 1000 --steplength=0.75 --sampvox=0.5""","""--mem=50g"""
T0102-1-2-6yr_DestFinal_Resub,/work/maria5/EBDS_CIVILITY/LongitudinalConnectome_PostRegError/PreCIVILITY/Twin/6Yr/T42/T2QCGood/T0102-1-2-6yr/Input_Civility_DWISpace/T0102-1-2-6yr_42_DWI_QCed_VC_1mm.nrrd,/work/maria5/EBDS_CIVILITY/LongitudinalConnectome_PostRegError/PreCIVILITY/Twin/6Yr/T42/T2QCGood/T0102-1-2-6yr/T1ToDWISpace/00_QC_Visualization/T0102-1-2-6yr_T1_SkullStripped_scaled_DWISpace.nrrd,/work/maria5/EBDS_CIVILITY/LongitudinalConnectome_PostRegError/PreCIVILITY/Twin/6Yr/T42/T2QCGood/T0102-1-2-6yr/Input_Civility_DWISpace/T0102-1-2-6yr_Original_DWI_BrainMask_1mm.nrrd,/work/maria5/EBDS_CIVILITY/LongitudinalConnectome_PostRegError/jsonFilesForCivility/TABLE_Destrieux_SubCorticals_BrainStem.json,/work/maria5/EBDS_CIVILITY/LongitudinalConnectome_PostRegError/PreCIVILITY/Twin/6Yr/T42/T2QCGood/T0102-1-2-6yr/Input_Civility_DWISpace/stx_T0102-1-2-6yr_T1_CombinedSurface_white_Destrieux_WithSubcorticals.vtk,Destrieux,TRUE,FALSE,"""-P 1000 --steplength=0.75 --sampvox=0.5""","""--mem=50g"""
T0107-1-1-6yr_DestFinal_Resub,/work/maria5/EBDS_CIVILITY/LongitudinalConnectome_PostRegError/PreCIVILITY/Twin/6Yr/T42/T2QCVeryPoor/T0107-1-1-6yr/Input_Civility_DWISpace/T0107-1-1-6yr_42_DWI_QCed_VC_1mm.nrrd,/work/maria5/EBDS_CIVILITY/LongitudinalConnectome_PostRegError/PreCIVILITY/Twin/6Yr/T42/T2QCVeryPoor/T0107-1-1-6yr/T1ToDWISpace/00_QC_Visualization/T0107-1-1-6yr_T1_SkullStripped_scaled_DWISpace.nrrd,/work/maria5/EBDS_CIVILITY/LongitudinalConnectome_PostRegError/PreCIVILITY/Twin/6Yr/T42/T2QCVeryPoor/T0107-1-1-6yr/Input_Civility_DWISpace/T0107-1-1-6yr_Original_DWI_BrainMask_1mm.nrrd,/work/maria5/EBDS_CIVILITY/LongitudinalConnectome_PostRegError/jsonFilesForCivility/TABLE_Destrieux_SubCorticals_BrainStem.json,/work/maria5/EBDS_CIVILITY/LongitudinalConnectome_PostRegError/PreCIVILITY/Twin/6Yr/T42/T2QCVeryPoor/T0107-1-1-6yr/Input_Civility_DWISpace/stx_T0107-1-1-6yr_T1_CombinedSurface_white_Destrieux_WithSubcorticals.vtk,Destrieux,TRUE,FALSE,"""-P 1000 --steplength=0.75 --sampvox=0.5""","""--mem=50g"""
T0107-1-2-6yr_DestFinal_Resub,/work/maria5/EBDS_CIVILITY/LongitudinalConnectome_PostRegError/PreCIVILITY/Twin/6Yr/T42/T2QCFair/T0107-1-2-6yr/Input_Civility_DWISpace/T0107-1-2-6yr_42_DWI_QCed_VC_1mm.nrrd,/work/maria5/EBDS_CIVILITY/LongitudinalConnectome_PostRegError/PreCIVILITY/Twin/6Yr/T42/T2QCFair/T0107-1-2-6yr/T1ToDWISpace/00_QC_Visualization/T0107-1-2-6yr_T1_SkullStripped_scaled_DWISpace.nrrd,/work/maria5/EBDS_CIVILITY/LongitudinalConnectome_PostRegError/PreCIVILITY/Twin/6Yr/T42/T2QCFair/T0107-1-2-6yr/Input_Civility_DWISpace/T0107-1-2-6yr_Original_DWI_BrainMask_1mm.nrrd,/work/maria5/EBDS_CIVILITY/LongitudinalConnectome_PostRegError/jsonFilesForCivility/TABLE_Destrieux_SubCorticals_BrainStem.json,/work/maria5/EBDS_CIVILITY/LongitudinalConnectome_PostRegError/PreCIVILITY/Twin/6Yr/T42/T2QCFair/T0107-1-2-6yr/Input_Civility_DWISpace/stx_T0107-1-2-6yr_T1_CombinedSurface_white_Destrieux_WithSubcorticals.vtk,Destrieux,TRUE,FALSE,"""-P 1000 --steplength=0.75 --sampvox=0.5""","""--mem=50g"""
T0117-1-1-6yr_DestFinal_Resub,/work/maria5/EBDS_CIVILITY/LongitudinalConnectome_PostRegError/PreCIVILITY/Twin/6Yr/T42/T2QCFair/T0117-1-1-6yr/Input_Civility_DWISpace/T0117-1-1-6yr_42_DWI_QCed_VC_1mm.nrrd,/work/maria5/EBDS_CIVILITY/LongitudinalConnectome_PostRegError/PreCIVILITY/Twin/6Yr/T42/T2QCFair/T0117-1-1-6yr/T1ToDWISpace/00_QC_Visualization/T0117-1-1-6yr_T1_SkullStripped_scaled_DWISpace.nrrd,/work/maria5/EBDS_CIVILITY/LongitudinalConnectome_PostRegError/PreCIVILITY/Twin/6Yr/T42/T2QCFair/T0117-1-1-6yr/Input_Civility_DWISpace/T0117-1-1-6yr_Original_DWI_BrainMask_1mm.nrrd,/work/maria5/EBDS_CIVILITY/LongitudinalConnectome_PostRegError/jsonFilesForCivility/TABLE_Destrieux_SubCorticals_BrainStem.json,/work/maria5/EBDS_CIVILITY/LongitudinalConnectome_PostRegError/PreCIVILITY/Twin/6Yr/T42/T2QCFair/T0117-1-1-6yr/Input_Civility_DWISpace/stx_T0117-1-1-6yr_T1_CombinedSurface_white_Destrieux_WithSubcorticals.vtk,Destrieux,TRUE,FALSE,"""-P 1000 --steplength=0.75 --sampvox=0.5""","""--mem=50g"""
T0117-1-2-6yr_DestFinal_Resub,/work/maria5/EBDS_CIVILITY/LongitudinalConnectome_PostRegError/PreCIVILITY/Twin/6Yr/T42/T2QCGood/T0117-1-2-6yr/Input_Civility_DWISpace/T0117-1-2-6yr_42_DWI_QCed_VC_1mm.nrrd,/work/maria5/EBDS_CIVILITY/LongitudinalConnectome_PostRegError/PreCIVILITY/Twin/6Yr/T42/T2QCGood/T0117-1-2-6yr/T1ToDWISpace/00_QC_Visualization/T0117-1-2-6yr_T1_SkullStripped_scaled_DWISpace.nrrd,/work/maria5/EBDS_CIVILITY/LongitudinalConnectome_PostRegError/PreCIVILITY/Twin/6Yr/T42/T2QCGood/T0117-1-2-6yr/Input_Civility_DWISpace/T0117-1-2-6yr_Original_DWI_BrainMask_1mm.nrrd,/work/maria5/EBDS_CIVILITY/LongitudinalConnectome_PostRegError/jsonFilesForCivility/TABLE_Destrieux_SubCorticals_BrainStem.json,/work/maria5/EBDS_CIVILITY/LongitudinalConnectome_PostRegError/PreCIVILITY/Twin/6Yr/T42/T2QCGood/T0117-1-2-6yr/Input_Civility_DWISpace/stx_T0117-1-2-6yr_T1_CombinedSurface_white_Destrieux_WithSubcorticals.vtk,Destrieux,TRUE,FALSE,"""-P 1000 --steplength=0.75 --sampvox=0.5""","""--mem=50g"""
T0135-1-2-6yr_DestFinal_Resub,/work/maria5/EBDS_CIVILITY/LongitudinalConnectome_PostRegError/PreCIVILITY/Twin/6Yr/T42/T2QCGood/T0135-1-2-6yr/Input_Civility_DWISpace/T0135-1-2-6yr_42_DWI_QCed_VC_1mm.nrrd,/work/maria5/EBDS_CIVILITY/LongitudinalConnectome_PostRegError/PreCIVILITY/Twin/6Yr/T42/T2QCGood/T0135-1-2-6yr/T1ToDWISpace/00_QC_Visualization/T0135-1-2-6yr_T1_SkullStripped_scaled_DWISpace.nrrd,/work/maria5/EBDS_CIVILITY/LongitudinalConnectome_PostRegError/PreCIVILITY/Twin/6Yr/T42/T2QCGood/T0135-1-2-6yr/Input_Civility_DWISpace/T0135-1-2-6yr_Original_DWI_BrainMask_1mm.nrrd,/work/maria5/EBDS_CIVILITY/LongitudinalConnectome_PostRegError/jsonFilesForCivility/TABLE_Destrieux_SubCorticals_BrainStem.json,/work/maria5/EBDS_CIVILITY/LongitudinalConnectome_PostRegError/PreCIVILITY/Twin/6Yr/T42/T2QCGood/T0135-1-2-6yr/Input_Civility_DWISpace/stx_T0135-1-2-6yr_T1_CombinedSurface_white_Destrieux_WithSubcorticals.vtk,Destrieux,TRUE,FALSE,"""-P 1000 --steplength=0.75 --sampvox=0.5""","""--mem=50g"""
T0137-1-2-6yr_DestFinal_Resub,/work/maria5/EBDS_CIVILITY/LongitudinalConnectome_PostRegError/PreCIVILITY/Twin/6Yr/T42/T2QCGood/T0137-1-2-6yr/Input_Civility_DWISpace/T0137-1-2-6yr_42_DWI_QCed_VC_1mm.nrrd,/work/maria5/EBDS_CIVILITY/LongitudinalConnectome_PostRegError/PreCIVILITY/Twin/6Yr/T42/T2QCGood/T0137-1-2-6yr/T1ToDWISpace/00_QC_Visualization/T0137-1-2-6yr_T1_SkullStripped_scaled_DWISpace.nrrd,/work/maria5/EBDS_CIVILITY/LongitudinalConnectome_PostRegError/PreCIVILITY/Twin/6Yr/T42/T2QCGood/T0137-1-2-6yr/Input_Civility_DWISpace/T0137-1-2-6yr_Original_DWI_BrainMask_1mm.nrrd,/work/maria5/EBDS_CIVILITY/LongitudinalConnectome_PostRegError/jsonFilesForCivility/TABLE_Destrieux_SubCorticals_BrainStem.json,/work/maria5/EBDS_CIVILITY/LongitudinalConnectome_PostRegError/PreCIVILITY/Twin/6Yr/T42/T2QCGood/T0137-1-2-6yr/Input_Civility_DWISpace/stx_T0137-1-2-6yr_T1_CombinedSurface_white_Destrieux_WithSubcorticals.vtk,Destrieux,TRUE,FALSE,"""-P 1000 --steplength=0.75 --sampvox=0.5""","""--mem=50g"""
T0143-1-1-6yr_DestFinal_Resub,/work/maria5/EBDS_CIVILITY/LongitudinalConnectome_PostRegError/PreCIVILITY/Twin/6Yr/T42/T2QCFair/T0143-1-1-6yr/Input_Civility_DWISpace/T0143-1-1-6yr_42_DWI_QCed_VC_1mm.nrrd,/work/maria5/EBDS_CIVILITY/LongitudinalConnectome_PostRegError/PreCIVILITY/Twin/6Yr/T42/T2QCFair/T0143-1-1-6yr/T1ToDWISpace/00_QC_Visualization/T0143-1-1-6yr_T1_SkullStripped_scaled_DWISpace.nrrd,/work/maria5/EBDS_CIVILITY/LongitudinalConnectome_PostRegError/PreCIVILITY/Twin/6Yr/T42/T2QCFair/T0143-1-1-6yr/Input_Civility_DWISpace/T0143-1-1-6yr_Original_DWI_BrainMask_1mm.nrrd,/work/maria5/EBDS_CIVILITY/LongitudinalConnectome_PostRegError/jsonFilesForCivility/TABLE_Destrieux_SubCorticals_BrainStem.json,/work/maria5/EBDS_CIVILITY/LongitudinalConnectome_PostRegError/PreCIVILITY/Twin/6Yr/T42/T2QCFair/T0143-1-1-6yr/Input_Civility_DWISpace/stx_T0143-1-1-6yr_T1_CombinedSurface_white_Destrieux_WithSubcorticals.vtk,Destrieux,TRUE,FALSE,"""-P 1000 --steplength=0.75 --sampvox=0.5""","""--mem=50g"""
T0143-1-2-6yr_DestFinal_Resub,/work/maria5/EBDS_CIVILITY/LongitudinalConnectome_PostRegError/PreCIVILITY/Twin/6Yr/T42/T2QCPoor/T0143-1-2-6yr/Input_Civility_DWISpace/T0143-1-2-6yr_42_DWI_QCed_VC_1mm.nrrd,/work/maria5/EBDS_CIVILITY/LongitudinalConnectome_PostRegError/PreCIVILITY/Twin/6Yr/T42/T2QCPoor/T0143-1-2-6yr/T1ToDWISpace/00_QC_Visualization/T0143-1-2-6yr_T1_SkullStripped_scaled_DWISpace.nrrd,/work/maria5/EBDS_CIVILITY/LongitudinalConnectome_PostRegError/PreCIVILITY/Twin/6Yr/T42/T2QCPoor/T0143-1-2-6yr/Input_Civility_DWISpace/T0143-1-2-6yr_Original_DWI_BrainMask_1mm.nrrd,/work/maria5/EBDS_CIVILITY/LongitudinalConnectome_PostRegError/jsonFilesForCivility/TABLE_Destrieux_SubCorticals_BrainStem.json,/work/maria5/EBDS_CIVILITY/LongitudinalConnectome_PostRegError/PreCIVILITY/Twin/6Yr/T42/T2QCPoor/T0143-1-2-6yr/Input_Civility_DWISpace/stx_T0143-1-2-6yr_T1_CombinedSurface_white_Destrieux_WithSubcorticals.vtk,Destrieux,TRUE,FALSE,"""-P 1000 --steplength=0.75 --sampvox=0.5""","""--mem=50g"""
T0144-1-1-6yr_DestFinal_Resub,/work/maria5/EBDS_CIVILITY/LongitudinalConnectome_PostRegError/PreCIVILITY/Twin/6Yr/T42/T2QCVeryPoor/T0144-1-1-6yr/Input_Civility_DWISpace/T0144-1-1-6yr_42_DWI_QCed_VC_1mm.nrrd,/work/maria5/EBDS_CIVILITY/LongitudinalConnectome_PostRegError/PreCIVILITY/Twin/6Yr/T42/T2QCVeryPoor/T0144-1-1-6yr/T1ToDWISpace/00_QC_Visualization/T0144-1-1-6yr_T1_SkullStripped_scaled_DWISpace.nrrd,/work/maria5/EBDS_CIVILITY/LongitudinalConnectome_PostRegError/PreCIVILITY/Twin/6Yr/T42/T2QCVeryPoor/T0144-1-1-6yr/Input_Civility_DWISpace/T0144-1-1-6yr_Original_DWI_BrainMask_1mm.nrrd,/work/maria5/EBDS_CIVILITY/LongitudinalConnectome_PostRegError/jsonFilesForCivility/TABLE_Destrieux_SubCorticals_BrainStem.json,/work/maria5/EBDS_CIVILITY/LongitudinalConnectome_PostRegError/PreCIVILITY/Twin/6Yr/T42/T2QCVeryPoor/T0144-1-1-6yr/Input_Civility_DWISpace/stx_T0144-1-1-6yr_T1_CombinedSurface_white_Destrieux_WithSubcorticals.vtk,Destrieux,TRUE,FALSE,"""-P 1000 --steplength=0.75 --sampvox=0.5""","""--mem=50g"""
T0144-1-2-6yr_DestFinal_Resub,/work/maria5/EBDS_CIVILITY/LongitudinalConnectome_PostRegError/PreCIVILITY/Twin/6Yr/T42/T2QCGood/T0144-1-2-6yr/Input_Civility_DWISpace/T0144-1-2-6yr_42_DWI_QCed_VC_1mm.nrrd,/work/maria5/EBDS_CIVILITY/LongitudinalConnectome_PostRegError/PreCIVILITY/Twin/6Yr/T42/T2QCGood/T0144-1-2-6yr/T1ToDWISpace/00_QC_Visualization/T0144-1-2-6yr_T1_SkullStripped_scaled_DWISpace.nrrd,/work/maria5/EBDS_CIVILITY/LongitudinalConnectome_PostRegError/PreCIVILITY/Twin/6Yr/T42/T2QCGood/T0144-1-2-6yr/Input_Civility_DWISpace/T0144-1-2-6yr_Original_DWI_BrainMask_1mm.nrrd,/work/maria5/EBDS_CIVILITY/LongitudinalConnectome_PostRegError/jsonFilesForCivility/TABLE_Destrieux_SubCorticals_BrainStem.json,/work/maria5/EBDS_CIVILITY/LongitudinalConnectome_PostRegError/PreCIVILITY/Twin/6Yr/T42/T2QCGood/T0144-1-2-6yr/Input_Civility_DWISpace/stx_T0144-1-2-6yr_T1_CombinedSurface_white_Destrieux_WithSubcorticals.vtk,Destrieux,TRUE,FALSE,"""-P 1000 --steplength=0.75 --sampvox=0.5""","""--mem=50g"""
T0147-1-1-6yr_DestFinal_Resub,/work/maria5/EBDS_CIVILITY/LongitudinalConnectome_PostRegError/PreCIVILITY/Twin/6Yr/T42/T2QCFair/T0147-1-1-6yr/Input_Civility_DWISpace/T0147-1-1-6yr_42_DWI_QCed_VC_1mm.nrrd,/work/maria5/EBDS_CIVILITY/LongitudinalConnectome_PostRegError/PreCIVILITY/Twin/6Yr/T42/T2QCFair/T0147-1-1-6yr/T1ToDWISpace/00_QC_Visualization/T0147-1-1-6yr_T1_SkullStripped_scaled_DWISpace.nrrd,/work/maria5/EBDS_CIVILITY/LongitudinalConnectome_PostRegError/PreCIVILITY/Twin/6Yr/T42/T2QCFair/T0147-1-1-6yr/Input_Civility_DWISpace/T0147-1-1-6yr_Original_DWI_BrainMask_1mm.nrrd,/work/maria5/EBDS_CIVILITY/LongitudinalConnectome_PostRegError/jsonFilesForCivility/TABLE_Destrieux_SubCorticals_BrainStem.json,/work/maria5/EBDS_CIVILITY/LongitudinalConnectome_PostRegError/PreCIVILITY/Twin/6Yr/T42/T2QCFair/T0147-1-1-6yr/Input_Civility_DWISpace/stx_T0147-1-1-6yr_T1_CombinedSurface_white_Destrieux_WithSubcorticals.vtk,Destrieux,TRUE,FALSE,"""-P 1000 --steplength=0.75 --sampvox=0.5""","""--mem=50g"""
T0147-1-2-6yr_DestFinal_Resub,/work/maria5/EBDS_CIVILITY/LongitudinalConnectome_PostRegError/PreCIVILITY/Twin/6Yr/T42/T2QCFair/T0147-1-2-6yr/Input_Civility_DWISpace/T0147-1-2-6yr_42_DWI_QCed_VC_1mm.nrrd,/work/maria5/EBDS_CIVILITY/LongitudinalConnectome_PostRegError/PreCIVILITY/Twin/6Yr/T42/T2QCFair/T0147-1-2-6yr/T1ToDWISpace/00_QC_Visualization/T0147-1-2-6yr_T1_SkullStripped_scaled_DWISpace.nrrd,/work/maria5/EBDS_CIVILITY/LongitudinalConnectome_PostRegError/PreCIVILITY/Twin/6Yr/T42/T2QCFair/T0147-1-2-6yr/Input_Civility_DWISpace/T0147-1-2-6yr_Original_DWI_BrainMask_1mm.nrrd,/work/maria5/EBDS_CIVILITY/LongitudinalConnectome_PostRegError/jsonFilesForCivility/TABLE_Destrieux_SubCorticals_BrainStem.json,/work/maria5/EBDS_CIVILITY/LongitudinalConnectome_PostRegError/PreCIVILITY/Twin/6Yr/T42/T2QCFair/T0147-1-2-6yr/Input_Civility_DWISpace/stx_T0147-1-2-6yr_T1_CombinedSurface_white_Destrieux_WithSubcorticals.vtk,Destrieux,TRUE,FALSE,"""-P 1000 --steplength=0.75 --sampvox=0.5""","""--mem=50g"""
T0148-1-1-6yr_DestFinal_Resub,/work/maria5/EBDS_CIVILITY/LongitudinalConnectome_PostRegError/PreCIVILITY/Twin/6Yr/T42/T2QCVeryPoor/T0148-1-1-6yr/Input_Civility_DWISpace/T0148-1-1-6yr_42_DWI_QCed_VC_1mm.nrrd,/work/maria5/EBDS_CIVILITY/LongitudinalConnectome_PostRegError/PreCIVILITY/Twin/6Yr/T42/T2QCVeryPoor/T0148-1-1-6yr/T1ToDWISpace/00_QC_Visualization/T0148-1-1-6yr_T1_SkullStripped_scaled_DWISpace.nrrd,/work/maria5/EBDS_CIVILITY/LongitudinalConnectome_PostRegError/PreCIVILITY/Twin/6Yr/T42/T2QCVeryPoor/T0148-1-1-6yr/Input_Civility_DWISpace/T0148-1-1-6yr_Original_DWI_BrainMask_1mm.nrrd,/work/maria5/EBDS_CIVILITY/LongitudinalConnectome_PostRegError/jsonFilesForCivility/TABLE_Destrieux_SubCorticals_BrainStem.json,/work/maria5/EBDS_CIVILITY/LongitudinalConnectome_PostRegError/PreCIVILITY/Twin/6Yr/T42/T2QCVeryPoor/T0148-1-1-6yr/Input_Civility_DWISpace/stx_T0148-1-1-6yr_T1_CombinedSurface_white_Destrieux_WithSubcorticals.vtk,Destrieux,TRUE,FALSE,"""-P 1000 --steplength=0.75 --sampvox=0.5""","""--mem=50g"""
T0148-1-2-6yr_DestFinal_Resub,/work/maria5/EBDS_CIVILITY/LongitudinalConnectome_PostRegError/PreCIVILITY/Twin/6Yr/T42/T2QCPoor/T0148-1-2-6yr/Input_Civility_DWISpace/T0148-1-2-6yr_42_DWI_QCed_VC_1mm.nrrd,/work/maria5/EBDS_CIVILITY/LongitudinalConnectome_PostRegError/PreCIVILITY/Twin/6Yr/T42/T2QCPoor/T0148-1-2-6yr/T1ToDWISpace/00_QC_Visualization/T0148-1-2-6yr_T1_SkullStripped_scaled_DWISpace.nrrd,/work/maria5/EBDS_CIVILITY/LongitudinalConnectome_PostRegError/PreCIVILITY/Twin/6Yr/T42/T2QCPoor/T0148-1-2-6yr/Input_Civility_DWISpace/T0148-1-2-6yr_Original_DWI_BrainMask_1mm.nrrd,/work/maria5/EBDS_CIVILITY/LongitudinalConnectome_PostRegError/jsonFilesForCivility/TABLE_Destrieux_SubCorticals_BrainStem.json,/work/maria5/EBDS_CIVILITY/LongitudinalConnectome_PostRegError/PreCIVILITY/Twin/6Yr/T42/T2QCPoor/T0148-1-2-6yr/Input_Civility_DWISpace/stx_T0148-1-2-6yr_T1_CombinedSurface_white_Destrieux_WithSubcorticals.vtk,Destrieux,TRUE,FALSE,"""-P 1000 --steplength=0.75 --sampvox=0.5""","""--mem=50g"""
T0149-1-1-6yr_DestFinal_Resub,/work/maria5/EBDS_CIVILITY/LongitudinalConnectome_PostRegError/PreCIVILITY/Twin/6Yr/T42/T2QCVeryPoor/T0149-1-1-6yr/Input_Civility_DWISpace/T0149-1-1-6yr_42_DWI_QCed_VC_1mm.nrrd,/work/maria5/EBDS_CIVILITY/LongitudinalConnectome_PostRegError/PreCIVILITY/Twin/6Yr/T42/T2QCVeryPoor/T0149-1-1-6yr/T1ToDWISpace/00_QC_Visualization/T0149-1-1-6yr_T1_SkullStripped_scaled_DWISpace.nrrd,/work/maria5/EBDS_CIVILITY/LongitudinalConnectome_PostRegError/PreCIVILITY/Twin/6Yr/T42/T2QCVeryPoor/T0149-1-1-6yr/Input_Civility_DWISpace/T0149-1-1-6yr_Original_DWI_BrainMask_1mm.nrrd,/work/maria5/EBDS_CIVILITY/LongitudinalConnectome_PostRegError/jsonFilesForCivility/TABLE_Destrieux_SubCorticals_BrainStem.json,/work/maria5/EBDS_CIVILITY/LongitudinalConnectome_PostRegError/PreCIVILITY/Twin/6Yr/T42/T2QCVeryPoor/T0149-1-1-6yr/Input_Civility_DWISpace/stx_T0149-1-1-6yr_T1_CombinedSurface_white_Destrieux_WithSubcorticals.vtk,Destrieux,TRUE,FALSE,"""-P 1000 --steplength=0.75 --sampvox=0.5""","""--mem=50g"""
T0149-1-2-6yr_DestFinal_Resub,/work/maria5/EBDS_CIVILITY/LongitudinalConnectome_PostRegError/PreCIVILITY/Twin/6Yr/T42/T2QCGood/T0149-1-2-6yr/Input_Civility_DWISpace/T0149-1-2-6yr_42_DWI_QCed_VC_1mm.nrrd,/work/maria5/EBDS_CIVILITY/LongitudinalConnectome_PostRegError/PreCIVILITY/Twin/6Yr/T42/T2QCGood/T0149-1-2-6yr/T1ToDWISpace/00_QC_Visualization/T0149-1-2-6yr_T1_SkullStripped_scaled_DWISpace.nrrd,/work/maria5/EBDS_CIVILITY/LongitudinalConnectome_PostRegError/PreCIVILITY/Twin/6Yr/T42/T2QCGood/T0149-1-2-6yr/Input_Civility_DWISpace/T0149-1-2-6yr_Original_DWI_BrainMask_1mm.nrrd,/work/maria5/EBDS_CIVILITY/LongitudinalConnectome_PostRegError/jsonFilesForCivility/TABLE_Destrieux_SubCorticals_BrainStem.json,/work/maria5/EBDS_CIVILITY/LongitudinalConnectome_PostRegError/PreCIVILITY/Twin/6Yr/T42/T2QCGood/T0149-1-2-6yr/Input_Civility_DWISpace/stx_T0149-1-2-6yr_T1_CombinedSurface_white_Destrieux_WithSubcorticals.vtk,Destrieux,TRUE,FALSE,"""-P 1000 --steplength=0.75 --sampvox=0.5""","""--mem=50g"""
T0150-1-1-6yr_DestFinal_Resub,/work/maria5/EBDS_CIVILITY/LongitudinalConnectome_PostRegError/PreCIVILITY/Twin/6Yr/T42/T2QCPoor/T0150-1-1-6yr/Input_Civility_DWISpace/T0150-1-1-6yr_42_DWI_QCed_VC_1mm.nrrd,/work/maria5/EBDS_CIVILITY/LongitudinalConnectome_PostRegError/PreCIVILITY/Twin/6Yr/T42/T2QCPoor/T0150-1-1-6yr/T1ToDWISpace/00_QC_Visualization/T0150-1-1-6yr_T1_SkullStripped_scaled_DWISpace.nrrd,/work/maria5/EBDS_CIVILITY/LongitudinalConnectome_PostRegError/PreCIVILITY/Twin/6Yr/T42/T2QCPoor/T0150-1-1-6yr/Input_Civility_DWISpace/T0150-1-1-6yr_Original_DWI_BrainMask_1mm.nrrd,/work/maria5/EBDS_CIVILITY/LongitudinalConnectome_PostRegError/jsonFilesForCivility/TABLE_Destrieux_SubCorticals_BrainStem.json,/work/maria5/EBDS_CIVILITY/LongitudinalConnectome_PostRegError/PreCIVILITY/Twin/6Yr/T42/T2QCPoor/T0150-1-1-6yr/Input_Civility_DWISpace/stx_T0150-1-1-6yr_T1_CombinedSurface_white_Destrieux_WithSubcorticals.vtk,Destrieux,TRUE,FALSE,"""-P 1000 --steplength=0.75 --sampvox=0.5""","""--mem=50g"""
T0150-1-2-6yr_DestFinal_Resub,/work/maria5/EBDS_CIVILITY/LongitudinalConnectome_PostRegError/PreCIVILITY/Twin/6Yr/T42/T2QCPoor/T0150-1-2-6yr/Input_Civility_DWISpace/T0150-1-2-6yr_42_DWI_QCed_VC_1mm.nrrd,/work/maria5/EBDS_CIVILITY/LongitudinalConnectome_PostRegError/PreCIVILITY/Twin/6Yr/T42/T2QCPoor/T0150-1-2-6yr/T1ToDWISpace/00_QC_Visualization/T0150-1-2-6yr_T1_SkullStripped_scaled_DWISpace.nrrd,/work/maria5/EBDS_CIVILITY/LongitudinalConnectome_PostRegError/PreCIVILITY/Twin/6Yr/T42/T2QCPoor/T0150-1-2-6yr/Input_Civility_DWISpace/T0150-1-2-6yr_Original_DWI_BrainMask_1mm.nrrd,/work/maria5/EBDS_CIVILITY/LongitudinalConnectome_PostRegError/jsonFilesForCivility/TABLE_Destrieux_SubCorticals_BrainStem.json,/work/maria5/EBDS_CIVILITY/LongitudinalConnectome_PostRegError/PreCIVILITY/Twin/6Yr/T42/T2QCPoor/T0150-1-2-6yr/Input_Civility_DWISpace/stx_T0150-1-2-6yr_T1_CombinedSurface_white_Destrieux_WithSubcorticals.vtk,Destrieux,TRUE,FALSE,"""-P 1000 --steplength=0.75 --sampvox=0.5""","""--mem=50g"""
T0151-1-2-6yr_DestFinal_Resub,/work/maria5/EBDS_CIVILITY/LongitudinalConnectome_PostRegError/PreCIVILITY/Twin/6Yr/T42/T2QCFair/T0151-1-2-6yr/Input_Civility_DWISpace/T0151-1-2-6yr_42_DWI_QCed_VC_1mm.nrrd,/work/maria5/EBDS_CIVILITY/LongitudinalConnectome_PostRegError/PreCIVILITY/Twin/6Yr/T42/T2QCFair/T0151-1-2-6yr/T1ToDWISpace/00_QC_Visualization/T0151-1-2-6yr_T1_SkullStripped_scaled_DWISpace.nrrd,/work/maria5/EBDS_CIVILITY/LongitudinalConnectome_PostRegError/PreCIVILITY/Twin/6Yr/T42/T2QCFair/T0151-1-2-6yr/Input_Civility_DWISpace/T0151-1-2-6yr_Original_DWI_BrainMask_1mm.nrrd,/work/maria5/EBDS_CIVILITY/LongitudinalConnectome_PostRegError/jsonFilesForCivility/TABLE_Destrieux_SubCorticals_BrainStem.json,/work/maria5/EBDS_CIVILITY/LongitudinalConnectome_PostRegError/PreCIVILITY/Twin/6Yr/T42/T2QCFair/T0151-1-2-6yr/Input_Civility_DWISpace/stx_T0151-1-2-6yr_T1_CombinedSurface_white_Destrieux_WithSubcorticals.vtk,Destrieux,TRUE,FALSE,"""-P 1000 --steplength=0.75 --sampvox=0.5""","""--mem=50g"""
T0152-1-2-6yr_DestFinal_Resub,/work/maria5/EBDS_CIVILITY/LongitudinalConnectome_PostRegError/PreCIVILITY/Twin/6Yr/T42/T2QCPoor/T0152-1-2-6yr/Input_Civility_DWISpace/T0152-1-2-6yr_42_DWI_QCed_VC_1mm.nrrd,/work/maria5/EBDS_CIVILITY/LongitudinalConnectome_PostRegError/PreCIVILITY/Twin/6Yr/T42/T2QCPoor/T0152-1-2-6yr/T1ToDWISpace/00_QC_Visualization/T0152-1-2-6yr_T1_SkullStripped_scaled_DWISpace.nrrd,/work/maria5/EBDS_CIVILITY/LongitudinalConnectome_PostRegError/PreCIVILITY/Twin/6Yr/T42/T2QCPoor/T0152-1-2-6yr/Input_Civility_DWISpace/T0152-1-2-6yr_Original_DWI_BrainMask_1mm.nrrd,/work/maria5/EBDS_CIVILITY/LongitudinalConnectome_PostRegError/jsonFilesForCivility/TABLE_Destrieux_SubCorticals_BrainStem.json,/work/maria5/EBDS_CIVILITY/LongitudinalConnectome_PostRegError/PreCIVILITY/Twin/6Yr/T42/T2QCPoor/T0152-1-2-6yr/Input_Civility_DWISpace/stx_T0152-1-2-6yr_T1_CombinedSurface_white_Destrieux_WithSubcorticals.vtk,Destrieux,TRUE,FALSE,"""-P 1000 --steplength=0.75 --sampvox=0.5""","""--mem=50g"""
T0153-1-1-6yr_DestFinal_Resub,/work/maria5/EBDS_CIVILITY/LongitudinalConnectome_PostRegError/PreCIVILITY/Twin/6Yr/T42/T2QCPoor/T0153-1-1-6yr/Input_Civility_DWISpace/T0153-1-1-6yr_42_DWI_QCed_VC_1mm.nrrd,/work/maria5/EBDS_CIVILITY/LongitudinalConnectome_PostRegError/PreCIVILITY/Twin/6Yr/T42/T2QCPoor/T0153-1-1-6yr/T1ToDWISpace/00_QC_Visualization/T0153-1-1-6yr_T1_SkullStripped_scaled_DWISpace.nrrd,/work/maria5/EBDS_CIVILITY/LongitudinalConnectome_PostRegError/PreCIVILITY/Twin/6Yr/T42/T2QCPoor/T0153-1-1-6yr/Input_Civility_DWISpace/T0153-1-1-6yr_Original_DWI_BrainMask_1mm.nrrd,/work/maria5/EBDS_CIVILITY/LongitudinalConnectome_PostRegError/jsonFilesForCivility/TABLE_Destrieux_SubCorticals_BrainStem.json,/work/maria5/EBDS_CIVILITY/LongitudinalConnectome_PostRegError/PreCIVILITY/Twin/6Yr/T42/T2QCPoor/T0153-1-1-6yr/Input_Civility_DWISpace/stx_T0153-1-1-6yr_T1_CombinedSurface_white_Destrieux_WithSubcorticals.vtk,Destrieux,TRUE,FALSE,"""-P 1000 --steplength=0.75 --sampvox=0.5""","""--mem=50g"""
T0153-1-2-6yr_DestFinal_Resub,/work/maria5/EBDS_CIVILITY/LongitudinalConnectome_PostRegError/PreCIVILITY/Twin/6Yr/T42/T2QCGood/T0153-1-2-6yr/Input_Civility_DWISpace/T0153-1-2-6yr_42_DWI_QCed_VC_1mm.nrrd,/work/maria5/EBDS_CIVILITY/LongitudinalConnectome_PostRegError/PreCIVILITY/Twin/6Yr/T42/T2QCGood/T0153-1-2-6yr/T1ToDWISpace/00_QC_Visualization/T0153-1-2-6yr_T1_SkullStripped_scaled_DWISpace.nrrd,/work/maria5/EBDS_CIVILITY/LongitudinalConnectome_PostRegError/PreCIVILITY/Twin/6Yr/T42/T2QCGood/T0153-1-2-6yr/Input_Civility_DWISpace/T0153-1-2-6yr_Original_DWI_BrainMask_1mm.nrrd,/work/maria5/EBDS_CIVILITY/LongitudinalConnectome_PostRegError/jsonFilesForCivility/TABLE_Destrieux_SubCorticals_BrainStem.json,/work/maria5/EBDS_CIVILITY/LongitudinalConnectome_PostRegError/PreCIVILITY/Twin/6Yr/T42/T2QCGood/T0153-1-2-6yr/Input_Civility_DWISpace/stx_T0153-1-2-6yr_T1_CombinedSurface_white_Destrieux_WithSubcorticals.vtk,Destrieux,TRUE,FALSE,"""-P 1000 --steplength=0.75 --sampvox=0.5""","""--mem=50g"""
T0154-1-2-6yr_DestFinal_Resub,/work/maria5/EBDS_CIVILITY/LongitudinalConnectome_PostRegError/PreCIVILITY/Twin/6Yr/T42/T2QCFair/T0154-1-2-6yr/Input_Civility_DWISpace/T0154-1-2-6yr_42_DWI_QCed_VC_1mm.nrrd,/work/maria5/EBDS_CIVILITY/LongitudinalConnectome_PostRegError/PreCIVILITY/Twin/6Yr/T42/T2QCFair/T0154-1-2-6yr/T1ToDWISpace/00_QC_Visualization/T0154-1-2-6yr_T1_SkullStripped_scaled_DWISpace.nrrd,/work/maria5/EBDS_CIVILITY/LongitudinalConnectome_PostRegError/PreCIVILITY/Twin/6Yr/T42/T2QCFair/T0154-1-2-6yr/Input_Civility_DWISpace/T0154-1-2-6yr_Original_DWI_BrainMask_1mm.nrrd,/work/maria5/EBDS_CIVILITY/LongitudinalConnectome_PostRegError/jsonFilesForCivility/TABLE_Destrieux_SubCorticals_BrainStem.json,/work/maria5/EBDS_CIVILITY/LongitudinalConnectome_PostRegError/PreCIVILITY/Twin/6Yr/T42/T2QCFair/T0154-1-2-6yr/Input_Civility_DWISpace/stx_T0154-1-2-6yr_T1_CombinedSurface_white_Destrieux_WithSubcorticals.vtk,Destrieux,TRUE,FALSE,"""-P 1000 --steplength=0.75 --sampvox=0.5""","""--mem=50g"""
T0160-1-1-6yr_DestFinal_Resub,/work/maria5/EBDS_CIVILITY/LongitudinalConnectome_PostRegError/PreCIVILITY/Twin/6Yr/T42/T2QCGood/T0160-1-1-6yr/Input_Civility_DWISpace/T0160-1-1-6yr_42_DWI_QCed_VC_1mm.nrrd,/work/maria5/EBDS_CIVILITY/LongitudinalConnectome_PostRegError/PreCIVILITY/Twin/6Yr/T42/T2QCGood/T0160-1-1-6yr/T1ToDWISpace/00_QC_Visualization/T0160-1-1-6yr_T1_SkullStripped_scaled_DWISpace.nrrd,/work/maria5/EBDS_CIVILITY/LongitudinalConnectome_PostRegError/PreCIVILITY/Twin/6Yr/T42/T2QCGood/T0160-1-1-6yr/Input_Civility_DWISpace/T0160-1-1-6yr_Original_DWI_BrainMask_1mm.nrrd,/work/maria5/EBDS_CIVILITY/LongitudinalConnectome_PostRegError/jsonFilesForCivility/TABLE_Destrieux_SubCorticals_BrainStem.json,/work/maria5/EBDS_CIVILITY/LongitudinalConnectome_PostRegError/PreCIVILITY/Twin/6Yr/T42/T2QCGood/T0160-1-1-6yr/Input_Civility_DWISpace/stx_T0160-1-1-6yr_T1_CombinedSurface_white_Destrieux_WithSubcorticals.vtk,Destrieux,TRUE,FALSE,"""-P 1000 --steplength=0.75 --sampvox=0.5""","""--mem=50g"""
T0160-1-2-6yr_DestFinal_Resub,/work/maria5/EBDS_CIVILITY/LongitudinalConnectome_PostRegError/PreCIVILITY/Twin/6Yr/T42/T2QCFair/T0160-1-2-6yr/Input_Civility_DWISpace/T0160-1-2-6yr_42_DWI_QCed_VC_1mm.nrrd,/work/maria5/EBDS_CIVILITY/LongitudinalConnectome_PostRegError/PreCIVILITY/Twin/6Yr/T42/T2QCFair/T0160-1-2-6yr/T1ToDWISpace/00_QC_Visualization/T0160-1-2-6yr_T1_SkullStripped_scaled_DWISpace.nrrd,/work/maria5/EBDS_CIVILITY/LongitudinalConnectome_PostRegError/PreCIVILITY/Twin/6Yr/T42/T2QCFair/T0160-1-2-6yr/Input_Civility_DWISpace/T0160-1-2-6yr_Original_DWI_BrainMask_1mm.nrrd,/work/maria5/EBDS_CIVILITY/LongitudinalConnectome_PostRegError/jsonFilesForCivility/TABLE_Destrieux_SubCorticals_BrainStem.json,/work/maria5/EBDS_CIVILITY/LongitudinalConnectome_PostRegError/PreCIVILITY/Twin/6Yr/T42/T2QCFair/T0160-1-2-6yr/Input_Civility_DWISpace/stx_T0160-1-2-6yr_T1_CombinedSurface_white_Destrieux_WithSubcorticals.vtk,Destrieux,TRUE,FALSE,"""-P 1000 --steplength=0.75 --sampvox=0.5""","""--mem=50g"""
T0175-1-1-6yr_DestFinal_Resub,/work/maria5/EBDS_CIVILITY/LongitudinalConnectome_PostRegError/PreCIVILITY/Twin/6Yr/T42/T2QCFair/T0175-1-1-6yr/Input_Civility_DWISpace/T0175-1-1-6yr_42_DWI_QCed_VC_1mm.nrrd,/work/maria5/EBDS_CIVILITY/LongitudinalConnectome_PostRegError/PreCIVILITY/Twin/6Yr/T42/T2QCFair/T0175-1-1-6yr/T1ToDWISpace/00_QC_Visualization/T0175-1-1-6yr_T1_SkullStripped_scaled_DWISpace.nrrd,/work/maria5/EBDS_CIVILITY/LongitudinalConnectome_PostRegError/PreCIVILITY/Twin/6Yr/T42/T2QCFair/T0175-1-1-6yr/Input_Civility_DWISpace/T0175-1-1-6yr_Original_DWI_BrainMask_1mm.nrrd,/work/maria5/EBDS_CIVILITY/LongitudinalConnectome_PostRegError/jsonFilesForCivility/TABLE_Destrieux_SubCorticals_BrainStem.json,/work/maria5/EBDS_CIVILITY/LongitudinalConnectome_PostRegError/PreCIVILITY/Twin/6Yr/T42/T2QCFair/T0175-1-1-6yr/Input_Civility_DWISpace/stx_T0175-1-1-6yr_T1_CombinedSurface_white_Destrieux_WithSubcorticals.vtk,Destrieux,TRUE,FALSE,"""-P 1000 --steplength=0.75 --sampvox=0.5""","""--mem=50g"""
T0175-1-2-6yr_DestFinal_Resub,/work/maria5/EBDS_CIVILITY/LongitudinalConnectome_PostRegError/PreCIVILITY/Twin/6Yr/T42/T2QCVeryPoor/T0175-1-2-6yr/Input_Civility_DWISpace/T0175-1-2-6yr_42_DWI_QCed_VC_1mm.nrrd,/work/maria5/EBDS_CIVILITY/LongitudinalConnectome_PostRegError/PreCIVILITY/Twin/6Yr/T42/T2QCVeryPoor/T0175-1-2-6yr/T1ToDWISpace/00_QC_Visualization/T0175-1-2-6yr_T1_SkullStripped_scaled_DWISpace.nrrd,/work/maria5/EBDS_CIVILITY/LongitudinalConnectome_PostRegError/PreCIVILITY/Twin/6Yr/T42/T2QCVeryPoor/T0175-1-2-6yr/Input_Civility_DWISpace/T0175-1-2-6yr_Original_DWI_BrainMask_1mm.nrrd,/work/maria5/EBDS_CIVILITY/LongitudinalConnectome_PostRegError/jsonFilesForCivility/TABLE_Destrieux_SubCorticals_BrainStem.json,/work/maria5/EBDS_CIVILITY/LongitudinalConnectome_PostRegError/PreCIVILITY/Twin/6Yr/T42/T2QCVeryPoor/T0175-1-2-6yr/Input_Civility_DWISpace/stx_T0175-1-2-6yr_T1_CombinedSurface_white_Destrieux_WithSubcorticals.vtk,Destrieux,TRUE,FALSE,"""-P 1000 --steplength=0.75 --sampvox=0.5""","""--mem=50g"""
T0180-1-1-6yr_DestFinal_Resub,/work/maria5/EBDS_CIVILITY/LongitudinalConnectome_PostRegError/PreCIVILITY/Twin/6Yr/T42/T2QCVeryPoor/T0180-1-1-6yr/Input_Civility_DWISpace/T0180-1-1-6yr_42_DWI_QCed_VC_1mm.nrrd,/work/maria5/EBDS_CIVILITY/LongitudinalConnectome_PostRegError/PreCIVILITY/Twin/6Yr/T42/T2QCVeryPoor/T0180-1-1-6yr/T1ToDWISpace/00_QC_Visualization/T0180-1-1-6yr_T1_SkullStripped_scaled_DWISpace.nrrd,/work/maria5/EBDS_CIVILITY/LongitudinalConnectome_PostRegError/PreCIVILITY/Twin/6Yr/T42/T2QCVeryPoor/T0180-1-1-6yr/Input_Civility_DWISpace/T0180-1-1-6yr_Original_DWI_BrainMask_1mm.nrrd,/work/maria5/EBDS_CIVILITY/LongitudinalConnectome_PostRegError/jsonFilesForCivility/TABLE_Destrieux_SubCorticals_BrainStem.json,/work/maria5/EBDS_CIVILITY/LongitudinalConnectome_PostRegError/PreCIVILITY/Twin/6Yr/T42/T2QCVeryPoor/T0180-1-1-6yr/Input_Civility_DWISpace/stx_T0180-1-1-6yr_T1_CombinedSurface_white_Destrieux_WithSubcorticals.vtk,Destrieux,TRUE,FALSE,"""-P 1000 --steplength=0.75 --sampvox=0.5""","""--mem=50g"""
T0180-1-2-6yr_DestFinal_Resub,/work/maria5/EBDS_CIVILITY/LongitudinalConnectome_PostRegError/PreCIVILITY/Twin/6Yr/T42/T2QCPoor/T0180-1-2-6yr/Input_Civility_DWISpace/T0180-1-2-6yr_42_DWI_QCed_VC_1mm.nrrd,/work/maria5/EBDS_CIVILITY/LongitudinalConnectome_PostRegError/PreCIVILITY/Twin/6Yr/T42/T2QCPoor/T0180-1-2-6yr/T1ToDWISpace/00_QC_Visualization/T0180-1-2-6yr_T1_SkullStripped_scaled_DWISpace.nrrd,/work/maria5/EBDS_CIVILITY/LongitudinalConnectome_PostRegError/PreCIVILITY/Twin/6Yr/T42/T2QCPoor/T0180-1-2-6yr/Input_Civility_DWISpace/T0180-1-2-6yr_Original_DWI_BrainMask_1mm.nrrd,/work/maria5/EBDS_CIVILITY/LongitudinalConnectome_PostRegError/jsonFilesForCivility/TABLE_Destrieux_SubCorticals_BrainStem.json,/work/maria5/EBDS_CIVILITY/LongitudinalConnectome_PostRegError/PreCIVILITY/Twin/6Yr/T42/T2QCPoor/T0180-1-2-6yr/Input_Civility_DWISpace/stx_T0180-1-2-6yr_T1_CombinedSurface_white_Destrieux_WithSubcorticals.vtk,Destrieux,TRUE,FALSE,"""-P 1000 --steplength=0.75 --sampvox=0.5""","""--mem=50g"""
T0222-1-1-6yr_DestFinal_Resub,/work/maria5/EBDS_CIVILITY/LongitudinalConnectome_PostRegError/PreCIVILITY/Twin/6Yr/T42/T2QCFair/T0222-1-1-6yr/Input_Civility_DWISpace/T0222-1-1-6yr_42_DWI_QCed_VC_1mm.nrrd,/work/maria5/EBDS_CIVILITY/LongitudinalConnectome_PostRegError/PreCIVILITY/Twin/6Yr/T42/T2QCFair/T0222-1-1-6yr/T1ToDWISpace/00_QC_Visualization/T0222-1-1-6yr_T1_SkullStripped_scaled_DWISpace.nrrd,/work/maria5/EBDS_CIVILITY/LongitudinalConnectome_PostRegError/PreCIVILITY/Twin/6Yr/T42/T2QCFair/T0222-1-1-6yr/Input_Civility_DWISpace/T0222-1-1-6yr_Original_DWI_BrainMask_1mm.nrrd,/work/maria5/EBDS_CIVILITY/LongitudinalConnectome_PostRegError/jsonFilesForCivility/TABLE_Destrieux_SubCorticals_BrainStem.json,/work/maria5/EBDS_CIVILITY/LongitudinalConnectome_PostRegError/PreCIVILITY/Twin/6Yr/T42/T2QCFair/T0222-1-1-6yr/Input_Civility_DWISpace/stx_T0222-1-1-6yr_T1_CombinedSurface_white_Destrieux_WithSubcorticals.vtk,Destrieux,TRUE,FALSE,"""-P 1000 --steplength=0.75 --sampvox=0.5""","""--mem=50g"""